,index_content,word,nature,content_type,index_word
8,1,黑色,n,pos,1
15,1,蓝色,n,pos,2
22,1,卖家,n,pos,4
27,1,发货,n,pos,5
28,1,速度,n,pos,6
31,2,电动车,n,pos,1
32,2,男,n,pos,2
35,2,防雨,n,pos,5
36,2,电瓶车,n,pos,6
37,2,女士,n,pos,7
39,2,哈雷,nr,pos,9
42,2,覆式,n,pos,11
43,2,安全帽,nz,pos,12
46,2,半盔,n,pos,15
50,2,灰色,n,pos,18
52,2,茶,n,pos,20
55,2,均码,n,pos,22
63,2,物美,nz,pos,27
64,2,廉价,n,pos,28
69,2,款式,n,pos,31
79,2,灰色,n,pos,35
84,2,色系,n,pos,37
86,3,东西,ns,pos,1
90,3,灰色,n,pos,3
91,3,高端,n,pos,4
92,3,大气,n,pos,5
97,3,电动车,n,pos,7
117,4,内衬,n,pos,2
122,4,磨砂,n,pos,4
132,5,价位,n,pos,1
138,5,商家,n,pos,3
140,5,外观,n,pos,4
142,5,大气,n,pos,6
153,5,装饰,n,pos,11
165,6,帽子,n,pos,2
173,6,平台,n,pos,4
192,6,价位,n,pos,7
196,6,产品,n,pos,9
210,7,货,n,pos,3
212,7,时间,n,pos,4
220,7,性价比,n,pos,7
233,8,结实,n,pos,2
239,8,颜色,n,pos,4
244,8,重量,n,pos,6
255,9,店铺,n,pos,4
282,9,镜片,n,pos,13
296,9,换货,nz,pos,17
300,9,购物,n,pos,19
301,9,体验,n,pos,20
306,10,颜色,n,pos,1
316,10,反光板,n,pos,5
318,10,灯光,n,pos,6
332,10,板,ng,pos,15
339,10,经济,n,pos,18
340,10,实惠,vn,pos,19
342,10,活动,vn,pos,20
345,10,价格,n,pos,21
346,10,美丽,ns,pos,22
349,10,商城,ns,pos,24
352,10,国货,n,pos,26
353,10,精品店,n,pos,27
355,10,谢谢,nr,pos,28
359,11,铁,n,neg,2
366,11,建议,n,neg,5
384,12,钱,n,neg,6
391,12,商家,n,neg,9
395,12,产品,n,neg,12
414,12,态度,n,neg,17
415,12,极差,n,neg,18
422,12,运费,vn,neg,20
426,12,理由,n,neg,22
437,12,理由,n,neg,26
452,12,店,n,neg,29
456,12,消费者,n,neg,31
461,13,泡沫,n,neg,1
462,13,内衬,n,neg,2
472,13,碳纤维,n,neg,6
474,13,胶壳,n,neg,7
476,13,泡沫,n,neg,9
486,14,星星,nz,neg,2
506,14,星星,nz,neg,8
512,14,购物,n,neg,11
521,14,东西,ns,neg,14
536,14,棉的,n,neg,20
541,14,带子,n,neg,23
547,14,卡,n,neg,25
554,14,易碎品,nr,neg,27
558,14,玻璃,n,neg,28
566,15,朋友,n,neg,1
567,15,块钱,n,neg,2
574,15,黑点,n,neg,3
576,15,毛边,n,neg,4
580,16,公平,n,neg,1
581,16,公正,nr,neg,2
583,16,评价,n,neg,3
585,16,帽子,n,neg,4
587,16,车筐,n,neg,6
599,16,车筐,n,neg,10
608,17,溢流,n,neg,1
610,17,毛边,n,neg,2
613,17,出厂,n,neg,3
619,17,面罩,n,neg,4
624,17,刀,n,neg,6
628,17,面罩,n,neg,8
650,18,风车,n,neg,2
656,18,隐形,n,neg,4
672,19,白色,n,neg,7
673,19,头套,n,neg,8
677,19,塑料,n,neg,11
678,19,壳,n,neg,12
681,19,安全帽,nz,neg,13
682,19,结构,n,neg,14
689,19,安全帽,nz,neg,16
694,19,标,n,neg,18
717,20,个把月,n,neg,2
720,20,货,n,neg,3
723,20,钱,n,neg,5
732,20,下单,n,neg,9
743,20,催单,n,neg,15
750,20,时间,n,neg,17
758,20,物流,n,neg,20
770,20,问,n,neg,24
779,20,商品,n,neg,27
791,20,货,n,neg,30
795,20,钱,n,neg,31
810,20,东西,ns,neg,36
820,20,个把月,n,neg,38
823,20,个把月,n,neg,39
836,20,玩意,n,neg,41
849,20,白送,nr,neg,43
851,21,防尘,n,neg,1
854,21,实物,n,neg,3
859,21,宣传,vn,neg,5
864,22,瑕疵,n,neg,2
892,24,配件,n,neg,2
905,25,扣子,n,neg,3
915,26,调节,vn,neg,2
924,26,面罩,n,neg,6
929,26,区域,n,neg,9
933,26,视线,n,neg,10
944,26,眼睛,n,neg,14
950,26,一分钱,n,neg,16
951,26,一分货,n,neg,17
954,26,价位,n,neg,18
957,26,自行车,n,neg,19
959,27,用户,n,neg,1
961,27,评价,n,neg,3
962,27,内容,n,neg,4
966,28,产品,n,neg,2
968,28,刮花,n,neg,3
970,28,痕迹,n,neg,4
974,29,帽檐,n,neg,1
979,29,帽绳,n,neg,3
987,29,卡扣,nz,neg,6
997,29,帽绳,n,neg,10
1001,29,相片,n,neg,11
1003,29,购买者,n,neg,12
1013,30,优点,n,neg,4
1017,30,缺点,n,neg,6
1022,30,物质,n,neg,7
1026,30,塑料,n,neg,9
1042,30,太重,n,neg,17
1046,30,太小,n,neg,19
1050,30,调节,vn,neg,20
1053,30,空间,n,neg,22
1077,30,男士,n,neg,32
1080,31,掌柜,n,pos,1
1081,31,态度,n,pos,2
1083,31,专业,n,pos,3
1084,31,热情,n,pos,4
1113,31,掌柜,n,pos,11
1122,31,掌柜,n,pos,14
1127,31,宝贝,nr,pos,16
1148,31,宝贝,nr,pos,22
1151,31,想象,n,pos,23
1160,31,大拇指,n,pos,26
1161,31,发货,n,pos,27
1166,31,货,n,pos,30
1169,31,商品,n,pos,31
1178,31,关键,n,pos,33
1179,31,价格,n,pos,34
1195,32,颜值,n,pos,1
1204,32,车座,n,pos,5
1232,33,高度,n,pos,2
1235,33,大赞,nr,pos,4
1237,34,价格,n,pos,1
1240,34,样式,n,pos,3
1245,34,调节,vn,pos,6
1250,34,舒适感,nr,pos,8
1259,35,购物,n,pos,2
1261,35,颜色,n,pos,3
1272,35,条,n,pos,7
1281,35,灯光,n,pos,10
1288,35,价格,n,pos,13
1289,35,美丽,ns,pos,14
1291,35,商家,n,pos,16
1298,36,性价比,n,pos,1
1305,36,白色,n,pos,6
1308,36,耶耶耶,nr,pos,8
1309,36,哪哈,nrt,pos,9
1316,36,废话,n,pos,11
1325,36,强推,vn,pos,14
1327,36,白色,n,pos,16
1331,36,耶耶耶,nr,pos,19
1336,37,粉色,n,pos,3
1337,37,实物,n,pos,4
1338,37,颜色,n,pos,5
1342,37,光泽度,n,pos,7
1347,37,异味,n,pos,8
1349,37,材质,n,pos,9
1362,37,围脖,n,pos,14
1363,37,加绒,nr,pos,15
1365,37,毛毛,nr,pos,16
1378,37,骑车,n,pos,20
1384,37,价格,n,pos,23
1387,37,实体店,n,pos,24
1388,37,实惠,vn,pos,25
1396,38,安全帽,nz,pos,1
1409,38,颜色,n,pos,7
1416,38,产品,n,pos,10
1418,38,安装简单,nr,pos,11
1425,38,感觉,n,pos,14
1427,38,性,n,pos,16
1433,38,安全感,nr,pos,17
1438,39,店,n,pos,3
1443,39,好长时间,n,pos,5
1446,39,货,n,pos,7
1451,39,帽子,n,pos,10
1455,39,发货,n,pos,12
1456,39,速度,n,pos,13
1464,39,购物,n,pos,15
1470,40,预期,vn,pos,4
1474,40,材质,n,pos,5
1480,40,造型,n,pos,9
1481,40,美观,nz,pos,10
1483,40,重量,n,pos,11
1489,40,价格,n,pos,14
1495,40,产品,n,pos,17
1500,40,朋友,n,pos,19
1502,40,朋友,n,pos,20
1507,40,下单,n,pos,21
1511,40,建议,n,pos,23
1513,40,外包装,n,pos,24
1515,40,讲究,vn,pos,25
1524,41,泽,nr,pos,1
1531,41,感觉,n,pos,3
1536,41,手感,n,pos,4
1542,41,茶镜,n,pos,7
1554,42,东西,ns,pos,1
1562,42,图片,n,pos,3
1566,42,色差,n,pos,4
1573,42,产品,n,pos,7
1578,42,感觉,n,pos,9
1607,44,通气孔,n,pos,2
1610,44,调节,vn,pos,3
1613,44,头围,n,pos,4
1617,44,调节,vn,pos,6
1619,44,男女,n,pos,7
1624,44,男士,n,pos,9
1625,44,戴更,nr,pos,10
1632,45,镜片,n,pos,3
1643,45,质感,n,pos,7
1646,45,安全性,nr,pos,9
1649,45,手感,n,pos,10
1655,45,头部,n,pos,14
1674,46,反光板,n,pos,7
1676,46,灯光,n,pos,8
1685,46,店铺,n,pos,14
1687,47,宝贝,nr,pos,1
1691,47,颜值,n,pos,4
1702,47,朋友,n,pos,8
1709,47,商家,n,pos,11
1718,48,正品,n,pos,3
1729,48,头皮,n,pos,8
1734,49,款式,n,pos,2
1737,49,时尚,n,pos,4
1743,49,颜色,n,pos,7
1745,49,很漂亮,n,pos,8
1758,50,颜色,n,pos,1
1762,50,亮,n,pos,3
1767,50,物流,n,pos,5
1778,51,白色,n,neg,1
1780,51,划痕,n,neg,2
1787,51,耳朵,n,neg,5
1799,51,信息,n,neg,10
1826,51,东西,ns,neg,19
1829,51,图,n,neg,20
1845,51,时间,n,neg,25
1852,52,购物,n,neg,1
1865,52,诚信,nz,neg,7
1868,52,霸道,n,neg,8
1870,52,卖家,n,neg,9
1878,52,发货,n,neg,14
1879,52,货,n,neg,15
1881,52,发货,n,neg,16
1889,52,买家,n,neg,21
1896,52,疫情,n,neg,23
1898,52,客户,n,neg,25
1900,52,客户,n,neg,26
1911,52,物流,n,neg,31
1918,52,买家,n,neg,35
1919,52,所在城市,n,neg,36
1922,52,隔天,nz,neg,37
1923,52,卖家,n,neg,38
1927,52,客户,n,neg,41
1928,52,订单,n,neg,42
1937,52,卖家,n,neg,45
1940,52,牛气,n,neg,46
1943,52,实力,n,neg,47
1949,52,置顶,n,neg,48
1950,52,卖家,n,neg,49
1951,52,榜首,n,neg,50
1956,52,平台,n,neg,51
1959,52,监管,vn,neg,52
1968,53,卡扣,nz,neg,3
1980,53,塑料袋,n,neg,9
1981,53,子,ng,neg,10
1983,53,装箱,n,neg,11
1987,53,时,ng,neg,13
1989,53,气孔,n,neg,15
1990,53,挡片,n,neg,16
1998,53,痕,ng,neg,19
2001,53,语,ng,neg,20
2008,53,价钱,n,neg,24
2009,53,一分货,n,neg,25
2016,53,购物,n,neg,27
2030,55,货刚,n,neg,1
2039,55,瑕疵,n,neg,5
2041,55,卡扣,nz,neg,6
2053,56,底座,n,neg,2
2061,56,齿,n,neg,6
2070,56,块钱,n,neg,9
2071,56,运费,vn,neg,10
2076,56,体验,n,neg,12
2080,56,购物,n,neg,14
2089,56,东西,ns,neg,17
2093,56,售后,n,neg,18
2096,56,差劲,n,neg,20
2099,57,插扣,n,neg,2
2108,57,垃圾,n,neg,7
2115,57,个性,n,neg,10
2118,57,客户,n,neg,11
2120,57,傻子,n,neg,12
2126,57,明白,nr,neg,14
2136,57,自费,vn,neg,18
2138,57,配件,n,neg,19
2143,58,头顶,n,neg,2
2146,58,划痕,n,neg,5
2149,58,疫情,n,neg,6
2150,58,防控,vn,neg,7
2160,58,优惠,vn,neg,10
2170,58,处理结果,n,neg,14
2173,58,处理速度,n,neg,15
2189,60,东西,ns,neg,1
2202,60,语,ng,neg,4
2211,61,价格,n,neg,3
2229,62,调节,vn,neg,4
2247,63,一分钱,n,neg,1
2248,63,一分货,n,neg,2
2254,64,调节,vn,neg,1
2255,64,档位,n,neg,2
2256,64,太紧,nz,neg,3
2259,64,手,n,neg,4
2267,64,新旧,ns,neg,6
2271,64,关系,n,neg,8
2273,64,调节,vn,neg,9
2274,64,档位,n,neg,10
2279,64,声音,n,neg,11
2281,64,双手,n,neg,12
2284,64,卡,n,neg,14
2289,64,微调,n,neg,16
2291,64,价格便宜,n,neg,17
2298,65,价位,n,neg,2
2303,65,标准,n,neg,5
2309,67,绳子,n,neg,2
2320,68,想象,n,neg,5
2325,68,净空,n,neg,7
2343,69,商品,n,neg,1
2352,69,物流,n,neg,4
2356,69,态度,n,neg,5
2365,69,总体,n,neg,7
2374,70,甲头,n,neg,2
2375,71,发货,n,pos,1
2376,71,速度,n,pos,2
2381,71,产品,n,pos,4
2386,71,颜值,n,pos,5
2390,71,总体,n,pos,7
2397,72,物流,n,pos,2
2412,72,棒棒,n,pos,8
2415,72,小伙伴,n,pos,10
2424,72,欧耶,nr,pos,14
2426,72,冲冲,vn,pos,15
2429,73,东西,ns,pos,1
2433,73,物流,n,pos,3
2434,73,速度,n,pos,4
2449,73,货,n,pos,9
2455,73,话,n,pos,11
2462,73,图,n,pos,12
2464,73,视频,n,pos,13
2470,73,意图,n,pos,16
2472,73,朋友,n,pos,17
2478,73,下单,n,pos,20
2481,74,核心,n,pos,2
2484,74,尾部,n,pos,4
2486,74,亮灯,n,pos,5
2487,74,标志,n,pos,6
2491,74,阀门,n,pos,9
2493,74,调节,vn,pos,10
2495,74,空气,n,pos,12
2498,74,黑色,n,pos,13
2499,74,款,n,pos,14
2503,74,工程塑料,n,pos,16
2504,74,材质,n,pos,17
2506,74,性价比,n,pos,18
2513,74,厚重感,n,pos,20
2517,74,镜需,n,pos,23
2524,74,整体,n,pos,28
2528,75,颜值,n,pos,1
2565,75,太帅,n,pos,14
2570,76,结实,n,pos,1
2572,76,外观,n,pos,2
2575,76,护目镜,n,pos,3
2577,76,划痕,n,pos,4
2579,76,商家,n,pos,5
2580,76,时间,n,pos,6
2584,76,反光镜,nz,pos,9
2587,76,商家,n,pos,11
2620,77,类型,n,pos,3
2622,77,物流,n,pos,4
2631,78,价钱,n,pos,1
2635,78,品质,n,pos,2
2639,79,性价比,n,pos,1
2642,79,颜值,n,pos,3
2652,80,颜色,n,pos,2
2661,80,物流,n,pos,6
2665,80,信赖,n,pos,9
2667,81,时尚,n,pos,1
2679,82,儿童,n,pos,2
2692,82,店家,n,pos,5
2693,82,发货,n,pos,6
2699,82,目的地,n,pos,7
2703,82,疫情,n,pos,9
2712,82,图示,n,pos,14
2718,83,杠杠,n,pos,1
2721,83,款式,n,pos,3
2734,83,性价比,n,pos,6
2739,83,电动车,n,pos,9
2741,83,摩托车,nz,pos,10
2745,83,国家标准,n,pos,12
2754,83,尾翼,n,pos,15
2767,84,想象,n,pos,2
2778,85,用料,n,pos,3
2786,86,结实,n,pos,4
2788,86,杠杠,n,pos,5
2797,87,货,n,pos,4
2800,87,镜片,n,pos,5
2809,87,赠品,n,pos,7
2817,87,感觉,n,pos,9
2823,88,高端,n,pos,1
2824,88,大气,n,pos,2
2827,88,造型,n,pos,4
2833,88,反光灯,n,pos,7
2855,89,赠品,n,pos,8
2860,89,晒太阳,n,pos,11
2861,89,板,ng,pos,12
2866,89,头部,n,pos,15
2869,89,气孔,n,pos,17
2872,89,人性化,n,pos,18
2888,90,插曲,n,pos,4
2890,90,店家,n,pos,5
2894,90,服务,vn,pos,8
2907,91,设计,vn,neg,1
2911,91,父母,n,neg,2
2922,91,调节,vn,neg,4
2927,91,调节,vn,neg,5
2931,91,骑车,n,neg,7
2939,92,帽子,n,neg,1
2940,92,太小,n,neg,2
2947,92,感觉,n,neg,5
2948,92,太紧,nz,neg,6
2960,93,东西,ns,neg,1
2974,93,店铺,n,neg,6
2979,93,处理结果,n,neg,9
2991,94,感觉,n,neg,1
3006,95,帽重,n,neg,2
3008,95,镜片,n,neg,3
3010,95,卡位,n,neg,4
3014,95,镜片,n,neg,7
3018,96,头顶,n,neg,3
3020,96,天窗,n,neg,4
3021,96,挡板,n,neg,5
3027,96,售后,n,neg,7
3039,96,语,ng,neg,9
3047,96,商品,n,neg,11
3052,96,过程,n,neg,12
3059,96,商家,n,neg,15
3069,96,责任,n,neg,18
3073,97,镜片,n,neg,1
3078,97,戴眼镜,nr,neg,2
3084,97,镜片,n,neg,4
3095,97,眼镜,n,neg,8
3099,97,镜片,n,neg,10
3102,97,变形,n,neg,12
3108,97,镜片,n,neg,15
3115,97,商家,n,neg,18
3118,97,链接,n,neg,19
3121,97,运费,vn,neg,20
3124,97,镜片,n,neg,21
3128,97,差劲,n,neg,23
3136,98,慎重考虑,nr,neg,3
3138,98,商家,n,neg,4
3146,98,商品,n,neg,8
3147,98,界面,n,neg,9
3149,98,误导,n,neg,10
3150,98,消费者,n,neg,11
3159,98,商品,n,neg,14
3160,98,界面,n,neg,15
3166,98,证书,n,neg,18
3167,98,照片,n,neg,19
3185,99,发货,n,neg,1
3186,99,时间,n,neg,2
3197,99,态度,n,neg,7
3217,100,象,n,neg,7
3218,100,小孩子,n,neg,8
3221,101,整体,n,neg,1
3225,101,镜片,n,neg,3
3229,101,太阳,ns,neg,5
3230,101,光线,n,neg,6
3233,101,绳,n,neg,7
3237,101,理想,n,neg,10
3252,102,便宜货,n,neg,2
3257,103,设计,vn,neg,1
3261,103,护目镜,n,neg,2
3265,103,感觉,n,neg,4
3266,103,视野,n,neg,5
3269,104,调节,vn,neg,2
3277,104,耳朵,n,neg,6
3287,104,情况,n,neg,9
3298,105,样式,n,neg,5
3312,105,耳朵,n,neg,9
3319,105,完美主义,nz,neg,12
3324,105,心情,n,neg,14
3327,105,美丽,ns,neg,15
3334,106,眼罩,n,neg,2
3353,107,太浅,n,neg,2
3362,108,防风,n,neg,1
3363,108,镜,ng,neg,2
3365,108,裂痕,n,neg,3
3372,109,护镜,nz,neg,1
3375,109,花花,n,neg,3
3379,109,单手,n,neg,4
3385,110,遮阳板,nz,neg,1
3392,110,尝试,vn,neg,3
3397,110,说明书,n,neg,5
3401,111,用户,n,pos,1
3403,111,商品,n,pos,2
3405,112,物流,n,pos,1
3410,112,商顺丰,nr,pos,4
3416,112,市面上,n,pos,8
3419,112,物流,n,pos,10
3424,112,商品,n,pos,12
3430,112,网页,n,pos,16
3443,112,面罩,n,pos,21
3446,112,强光,n,pos,23
3450,113,商城,ns,pos,1
3452,113,品质,n,pos,2
3460,113,商城,ns,pos,4
3462,113,东西,ns,pos,6
3465,113,信赖,n,pos,8
3467,113,宝贝,nr,pos,9
3474,113,美观大方,ns,pos,11
3479,113,时尚,n,pos,13
3481,113,很漂亮,n,pos,14
3491,114,款,n,pos,3
3499,114,货后,n,pos,6
3510,114,材料,n,pos,8
3512,114,颜色,n,pos,10
3514,114,舒适度,n,pos,12
3516,114,安全性,nr,pos,14
3524,114,速度,n,pos,17
3530,115,宝贝,nr,pos,1
3534,115,外观,n,pos,3
3535,115,很漂亮,n,pos,4
3538,115,心仪,n,pos,5
3571,116,外形,n,pos,7
3594,116,价格,n,pos,16
3598,116,实惠,vn,pos,17
3616,117,味道,n,pos,2
3618,117,总体,n,pos,3
3623,117,感觉,n,pos,4
3629,117,外形,n,pos,7
3635,117,东西,ns,pos,9
3637,117,概率,n,pos,10
3641,117,派上用场,n,pos,12
3651,118,外观设计,n,pos,1
3654,118,尺寸,n,pos,3
3662,118,宝贝,nr,pos,9
3663,118,手感,n,pos,10
3666,118,感觉,n,pos,12
3670,118,发货,n,pos,13
3671,118,速度,n,pos,14
3674,118,服务态度,n,pos,15
3675,118,一流,n,pos,16
3678,118,力,n,pos,17
3680,118,星,n,pos,18
3690,119,嘴巴,n,pos,5
3698,119,口罩,n,pos,9
3700,119,围巾,n,pos,10
3716,119,太阳镜,nz,pos,15
3721,119,五星,nz,pos,17
3744,120,挡风,n,pos,5
3754,120,全,n,pos,8
3764,120,挡风,n,pos,13
3766,121,电动车,n,pos,1
3767,121,男,n,pos,2
3770,121,防雨,n,pos,5
3771,121,电瓶车,n,pos,6
3772,121,女士,n,pos,7
3774,121,哈雷,nr,pos,9
3777,121,覆式,n,pos,11
3778,121,安全帽,nz,pos,12
3781,121,半盔,n,pos,15
3784,121,灰色,n,pos,18
3786,121,茶,n,pos,20
3788,121,码,n,pos,22
3796,121,物美,nz,pos,27
3797,121,廉价,n,pos,28
3802,121,款式,n,pos,31
3812,121,灰色,n,pos,35
3817,121,色系,n,pos,37
3827,122,评论,n,pos,4
3839,122,样式,n,pos,9
3844,122,内衬,n,pos,11
3854,122,头围,n,pos,14
3857,122,调整,vn,pos,16
3870,123,颜色,n,pos,3
3875,123,老板,n,pos,5
3878,123,服务态度,n,pos,6
3888,123,地带,n,pos,9
3889,123,水,n,pos,10
3894,123,商家,n,pos,11
3923,126,价位,n,pos,4
3937,127,平台,n,pos,1
3953,128,商家,n,pos,1
3956,128,镜片,n,pos,3
3961,128,茶色,n,pos,5
3962,128,镜片,n,pos,6
3964,128,镜片,n,pos,7
3971,128,视频教程,n,pos,10
3976,128,水泥,n,pos,13
3977,128,灰,n,pos,14
3979,128,颜色,n,pos,15
3982,128,外形,n,pos,16
3986,128,个性,n,pos,17
4008,129,白色,n,pos,5
4012,129,蓝色,n,pos,6
4022,129,视频,n,pos,9
4028,130,商品,n,pos,1
4032,130,物流,n,pos,3
4037,130,态度,n,pos,7
4041,130,商品,n,pos,8
4044,130,款式,n,pos,10
4045,130,美观,nz,pos,11
4048,130,价格,n,pos,12
4065,132,镜片,n,neg,1
4074,132,眼镜,n,neg,6
4076,133,用户,n,neg,1
4080,133,评价,n,neg,4
4081,133,内容,n,neg,5
4082,136,均码,n,neg,1
4088,136,男女,n,neg,2
4095,137,下雨天,n,neg,1
4098,137,眼镜,n,neg,3
4103,137,影响,vn,neg,6
4104,137,视线,n,neg,7
4107,138,东西,ns,neg,1
4108,138,外观,n,neg,2
4129,138,块钱,n,neg,10
4132,138,帽子,n,neg,11
4133,138,块钱,n,neg,12
4136,138,塑料片,n,neg,13
4145,140,底座,n,neg,4
4155,141,价格,n,neg,3
4161,142,东西,ns,neg,1
4163,142,想象,n,neg,2
4169,142,总体,n,neg,4
4175,143,卡扣,nz,neg,1
4179,143,性价比,n,neg,3
4183,144,面罩,n,neg,2
4189,144,红色,n,neg,5
4202,145,感觉,n,neg,3
4222,146,赠品,n,neg,2
4232,146,赠品,n,neg,5
4236,147,服务,vn,neg,2
4237,147,差差,n,neg,3
4238,147,差,n,neg,4
4240,147,换货,nz,neg,5
4244,148,建议,n,neg,1
4245,148,镜片,n,neg,2
4255,148,太短,n,neg,6
4261,149,内衬,n,neg,1
4280,150,卡扣,nz,neg,4
4283,151,异味,n,pos,2
4291,151,性价比,n,pos,6
4304,152,颜色,n,pos,4
4313,152,宝贝,nr,pos,9
4331,154,物流,n,pos,1
4335,154,下单,n,pos,4
4342,154,力,n,pos,6
4350,154,竹,ng,pos,9
4351,154,蜻蜓,n,pos,10
4359,155,颜值,n,pos,1
4363,155,透气性,n,pos,3
4370,155,时尚,n,pos,5
4375,156,颜色,n,pos,2
4379,156,条,n,pos,4
4382,156,骑车,n,pos,6
4396,157,店,n,pos,3
4399,157,男式,n,pos,4
4410,159,透气,n,pos,1
4420,159,家人,n,pos,4
4422,159,亲人,n,pos,5
4433,159,赠品,n,pos,8
4436,160,商品,n,pos,1
4440,160,性价比,n,pos,3
4457,162,摩托车,nz,pos,6
4462,162,电动,n,pos,7
4463,162,自行车,n,pos,8
4476,163,异味,n,pos,5
4483,164,态度,n,pos,1
4498,164,性价比,n,pos,6
4506,164,正品,n,pos,9
4510,164,价格便宜,n,pos,11
4514,164,性价比,n,pos,12
4524,164,高端,n,pos,18
4525,164,大气,n,pos,19
4531,165,马克笔,nr,pos,1
4544,166,镜片,n,pos,1
4545,166,高清,nr,pos,2
4552,166,头顶,n,pos,5
4562,167,东西,ns,pos,1
4574,168,魔术,n,pos,3
4576,168,设计,vn,pos,5
4578,168,人性化,n,pos,6
4581,168,头围,n,pos,7
4587,168,亮点,n,pos,9
4591,168,夜视,n,pos,11
4592,168,灯,n,pos,12
4600,168,眼睛,n,pos,16
4616,169,颜色,n,pos,2
4618,169,很漂亮,n,pos,3
4624,170,发货,n,pos,1
4634,171,耳朵,n,neg,1
4639,171,耳朵,n,neg,3
4644,171,刀割,n,neg,5
4646,171,对付,vn,neg,6
4656,173,面罩,n,neg,1
4668,176,零星,n,neg,1
4673,176,零星,n,neg,2
4682,176,钱,n,neg,6
4687,176,献爱心,nrt,neg,7
4699,177,裂痕,n,neg,3
4704,178,价格,n,neg,4
4706,179,东西,ns,neg,1
4713,179,不值,n,neg,2
4716,179,商品,n,neg,4
4720,179,反光板,n,neg,7
4741,179,售后,n,neg,13
4756,179,链接,n,neg,18
4757,179,咨询,vn,neg,19
4763,179,屏蔽,n,neg,20
4770,179,产品,n,neg,22
4783,179,广告,n,neg,25
4784,179,商品,n,neg,26
4806,182,开箱,n,neg,1
4810,182,刮痕,n,neg,3
4816,183,预期,vn,neg,3
4826,184,调节,vn,neg,3
4841,186,扣子,n,neg,1
4845,186,尺寸,n,neg,2
4849,187,挡风,n,neg,2
4850,187,面板,n,neg,3
4853,187,味道,n,neg,5
4858,188,体验,n,neg,2
4876,190,建议,n,neg,2
4879,190,全,n,neg,3
4885,191,服务,vn,pos,1
4895,193,美观,nz,pos,1
4896,193,大气,n,pos,2
4907,194,性价比,n,pos,3
4911,195,用户,n,pos,1
4913,195,评价,n,pos,3
4914,195,内容,n,pos,4
4916,196,带子,n,pos,2
4923,197,物流,n,pos,2
4924,197,速度,n,pos,3
4929,197,感觉,n,pos,5
4934,197,头带,n,pos,7
4949,199,感觉,n,pos,1
4962,199,小孩,n,pos,6
4965,199,电动车,n,pos,8
4969,199,安全帽,nz,pos,9
4975,199,头部,n,pos,12
4978,202,宝贝,nr,pos,2
4983,202,宝贝,nr,pos,5
4993,202,袋子,n,pos,9
4995,202,黑色,n,pos,10
4997,202,口罩,n,pos,11
5001,202,重量,n,pos,12
5007,202,挡风玻璃,n,pos,14
5015,202,透气性,n,pos,17
5021,202,天气,n,pos,20
5022,202,热,n,pos,21
5025,202,小哥,n,pos,23
5026,202,服务态度,n,pos,24
5030,202,整体,n,pos,25
5036,203,安全帽,nz,pos,1
5043,203,颜色,n,pos,6
5054,203,反光板,n,pos,9
5056,203,灯光,n,pos,10
5068,203,外观,n,pos,17
5083,203,颜色,n,pos,24
5084,203,磨砂,n,pos,25
5098,203,预期,vn,pos,31
5102,203,材质,n,pos,32
5108,203,选型,n,pos,36
5109,203,美观,nz,pos,37
5111,203,重量,n,pos,38
5117,203,朋友,n,pos,41
5122,204,质感,n,pos,2
5130,204,地方,n,pos,5
5135,204,头,n,pos,6
5137,204,调整,vn,pos,8
5146,204,气孔,n,pos,12
5151,204,调节,vn,pos,13
5156,204,条,n,pos,15
5165,204,效果,n,pos,18
5168,204,镜片,n,pos,19
5171,204,黑色,n,pos,20
5175,204,能防,n,pos,22
5176,204,强光,n,pos,23
5182,204,东西,ns,pos,25
5190,204,鼻子,n,pos,28
5196,204,调整,vn,pos,30
5204,204,视线,n,pos,32
5210,204,总体,n,pos,36
5215,204,价位,n,pos,38
5222,205,外观,n,pos,1
5223,205,时尚,n,pos,2
5225,205,透气,n,pos,3
5233,205,感觉,n,pos,6
5242,206,儿子,n,pos,3
5251,207,样子,n,pos,5
5252,208,货,n,pos,1
5256,208,款式,n,pos,3
5263,208,感觉,n,pos,7
5267,209,安全帽,nz,pos,1
5273,209,样子,n,pos,4
5275,209,很漂亮,n,pos,5
5277,210,发货,n,pos,1
5280,210,效果,n,pos,3
5291,211,尾货,n,neg,3
5299,211,尾货,n,neg,6
5307,211,尾货,n,neg,9
5315,211,尾货,n,neg,12
5325,212,风镜,n,neg,4
5327,212,风镜,n,neg,5
5330,212,风镜,n,neg,8
5335,213,东西,ns,neg,1
5338,213,服务态度,n,neg,2
5343,213,星,n,neg,4
5348,213,建议,n,neg,6
5353,214,挡风,n,neg,1
5354,214,板,ng,neg,2
5360,214,影响,vn,neg,5
5361,214,视线,n,neg,6
5370,215,耳朵,n,neg,4
5372,215,卡,n,neg,5
5373,215,耳朵,n,neg,6
5378,215,原本,n,neg,8
5390,215,钱,n,neg,14
5398,215,低分,n,neg,16
5400,215,原因,n,neg,17
5402,215,设计,vn,neg,18
5404,215,不合理,n,neg,19
5409,215,卡,n,neg,22
5411,215,耳朵,n,neg,23
5423,216,绳子,n,neg,2
5425,216,胶,n,neg,3
5431,216,调整,vn,neg,5
5432,216,长度,ns,neg,6
5444,218,塑料,n,neg,2
5450,218,填充物,n,neg,6
5452,218,耳朵,n,neg,7
5461,218,边缘,n,neg,9
5467,218,耳朵,n,neg,11
5468,218,压弯,n,neg,12
5477,219,店家,n,neg,2
5498,220,设计者,n,neg,1
5500,220,脑子,n,neg,3
5506,220,耳朵,n,neg,6
5511,220,耳朵,n,neg,9
5514,221,瑕疵,n,neg,1
5517,221,划痕,n,neg,2
5519,221,油漆,n,neg,3
5520,221,不平,n,neg,4
5521,222,感觉,n,neg,1
5524,222,结实,n,neg,2
5545,223,帽子,n,neg,2
5559,225,面罩,n,neg,2
5560,225,镜片,n,neg,3
5572,225,不值,n,neg,6
5574,225,价,n,neg,7
5576,226,款式,n,neg,1
5581,226,手,n,neg,2
5589,226,设计,vn,neg,6
5592,226,不合理,n,neg,9
5595,226,眼镜,n,neg,10
5599,226,人安,n,neg,13
5605,226,事,n,neg,16
5612,227,带子,n,neg,1
5613,227,设计,vn,neg,2
5614,227,不合理,n,neg,3
5634,228,不值,n,neg,5
5639,229,设计,vn,neg,1
5649,229,耳朵,n,neg,6
5656,230,内高,ns,neg,1
5660,230,会压,n,neg,3
5661,230,耳朵,n,neg,4
5664,230,眼镜,n,neg,5
5671,230,建议,n,neg,7
5672,230,戴眼镜,nr,neg,8
5679,231,物流,n,pos,2
5688,232,碳纤维,n,pos,2
5697,232,部件,n,pos,5
5705,232,亲们,n,pos,9
5710,232,颜色,n,pos,11
5726,232,话,n,pos,17
5735,233,外观,n,pos,1
5742,233,伤心,n,pos,3
5743,234,物流,n,pos,1
5750,234,收货,n,pos,4
5753,234,动手,n,pos,5
5756,234,挡风玻璃,n,pos,7
5758,234,价格便宜,n,pos,8
5760,234,设计,vn,pos,9
5763,234,外观,n,pos,10
5774,234,家里人,nrt,pos,13
5781,234,购物,n,pos,16
5784,235,摩托车,nz,pos,2
5785,235,装备,n,pos,3
5786,235,专营店,n,pos,4
5790,235,电动车,n,pos,6
5795,235,下单,n,pos,9
5796,235,发货,n,pos,10
5804,235,货物,n,pos,14
5808,235,国家,n,pos,16
5811,235,设计,vn,pos,18
5814,235,材质,n,pos,20
5817,235,制作,vn,pos,22
5821,235,美观,nz,pos,25
5824,235,瑕疵,n,pos,26
5828,235,挡风,n,pos,28
5829,235,板,ng,pos,29
5834,235,调整,vn,pos,30
5840,235,反光板,n,pos,32
5842,235,尺寸,n,pos,33
5866,236,产品,n,pos,2
5871,236,资质,n,pos,4
5875,236,用料,n,pos,6
5876,236,感觉,n,pos,7
5886,236,东西,ns,pos,12
5894,236,粉红色,n,pos,15
5901,236,大老爷们,n,pos,16
5907,236,条,n,pos,20
5914,236,电车,n,pos,24
5920,237,质感,n,pos,1
5922,237,整体,n,pos,2
5924,237,效果,n,pos,4
5928,237,大气,n,pos,7
5933,237,价格,n,pos,10
5934,237,感觉,n,pos,11
5943,237,教学,n,pos,15
5944,237,视频,n,pos,16
5946,237,头顶,n,pos,17
5949,237,进风口,n,pos,18
5962,237,反光灯,n,pos,23
5973,237,下巴,n,pos,28
5975,237,橡胶,n,pos,29
5978,237,巴托,nrt,pos,30
5983,237,调整,vn,pos,32
5984,237,长度,ns,pos,33
5990,237,感觉,n,pos,35
5991,237,设计,vn,pos,36
6000,237,绳子,n,pos,40
6005,237,下巴,n,pos,42
6014,237,调整,vn,pos,47
6015,237,下巴,n,pos,48
6018,237,绳子,n,pos,49
6023,239,材质,n,pos,1
6032,239,价格,n,pos,2
6034,239,实惠,vn,pos,3
6036,239,性价比,n,pos,4
6040,239,安全性,nr,pos,6
6045,239,骑,n,pos,8
6046,239,自行车,n,pos,9
6047,239,电动车,n,pos,10
6053,239,结实,n,pos,11
6056,239,发货,n,pos,12
6057,239,速度,n,pos,13
6070,244,质感,n,pos,1
6075,244,朋友,n,pos,2
6083,244,信赖,n,pos,5
6090,245,颜色,n,pos,4
6094,245,黑色,n,pos,5
6095,245,镜片,n,pos,6
6097,245,波纹,n,pos,7
6101,245,眼,n,pos,8
6113,246,赠品,n,pos,5
6118,246,孩子,n,pos,8
6123,247,货,n,pos,2
6125,247,时间,n,pos,3
6133,247,卖家,n,pos,6
6143,247,期望值,n,pos,10
6158,247,购物,n,pos,15
6161,247,卖家,n,pos,17
6165,247,正品,n,pos,18
6169,247,价格低,n,pos,19
6171,247,性,n,pos,20
6172,247,比价,n,pos,21
6179,247,朋友,n,pos,25
6185,247,服务,vn,pos,27
6186,247,热情,n,pos,28
6190,247,物流,n,pos,29
6193,247,力,n,pos,30
6202,247,力,n,pos,33
6204,247,卖家,n,pos,34
6207,247,信誉,n,pos,35
6209,247,发货,n,pos,36
6210,247,速度,n,pos,37
6214,247,价格,n,pos,39
6219,247,实惠,vn,pos,42
6227,247,卖家,n,pos,43
6234,247,期望值,n,pos,47
6244,247,购物,n,pos,51
6249,247,货,n,pos,53
6257,247,咨询,vn,pos,55
6281,247,店铺,n,pos,63
6290,247,朋友,n,pos,66
6300,247,六星,nz,pos,69
6305,247,星,n,pos,71
6314,247,朋友,n,pos,74
6325,247,性价比,n,pos,81
6357,247,卖家,n,pos,91
6367,247,期望值,n,pos,96
6369,247,发货,n,pos,97
6370,247,速度,n,pos,98
6380,247,物流,n,pos,102
6381,247,公司,n,pos,103
6382,247,服务态度,n,pos,104
6387,247,速度,n,pos,106
6394,247,购物,n,pos,109
6403,248,头,n,pos,1
6412,248,调节,vn,pos,3
6419,248,店子,n,pos,6
6423,248,性,n,pos,8
6425,248,价比,n,pos,9
6431,248,时尚,n,pos,11
6433,248,透气性,n,pos,12
6444,248,关心,n,pos,14
6456,248,时尚,n,pos,17
6457,248,通风,n,pos,18
6463,248,公司,n,pos,20
6484,248,谢谢,nr,pos,28
6485,248,店家,n,pos,29
6487,248,产品,n,pos,30
6492,249,服务态度,n,pos,2
6500,249,购物,n,pos,4
6501,250,货,n,pos,1
6508,250,镜,ng,pos,3
6512,250,感觉,n,pos,5
6521,251,块钱,n,neg,2
6524,251,区别,n,neg,3
6527,251,划痕,n,neg,4
6530,251,建议,n,neg,5
6532,252,挡风玻璃,n,neg,1
6536,252,装,n,neg,3
6540,252,小心,n,neg,4
6541,252,搭勾,n,neg,5
6546,252,换,nz,neg,7
6547,252,挡风玻璃,n,neg,8
6556,252,电动车,n,neg,11
6566,252,商户,n,neg,16
6577,253,垃圾,n,neg,1
6579,253,耳朵,n,neg,2
6580,253,处,n,neg,3
6581,253,卡,n,neg,4
6598,253,货,n,neg,9
6600,254,内衬,n,neg,1
6602,254,结实,n,neg,3
6617,254,时刻,n,neg,7
6621,255,会压,n,neg,1
6622,255,耳朵,n,neg,2
6626,255,评价,n,neg,3
6643,256,风车,n,neg,4
6646,256,风车,n,neg,5
6652,257,卡扣,nz,neg,2
6657,257,服务,vn,neg,6
6663,257,星星,nz,neg,9
6665,257,无星,n,neg,11
6668,257,无星,nz,neg,12
6670,258,服务态度,n,neg,1
6674,258,产品,n,neg,4
6678,258,货,n,neg,6
6685,259,遮阳板,nz,neg,1
6693,259,客户,n,neg,4
6703,260,扣子,n,neg,3
6712,260,商家,n,neg,5
6728,260,扣子,n,neg,9
6732,260,套路,n,neg,11
6736,260,建议,n,neg,12
6742,261,感觉,n,neg,1
6757,262,手,n,neg,1
6766,263,货,n,neg,2
6771,263,划痕,n,neg,4
6773,263,裂痕,n,neg,5
6774,264,外观,n,neg,1
6787,264,缘故,n,neg,7
6793,265,毛刺,n,neg,3
6810,266,总体,n,neg,4
6816,267,外观,n,neg,1
6823,267,喷漆,n,neg,4
6826,267,脏乱,n,neg,6
6831,267,漆,n,neg,9
6836,267,现象,n,neg,11
6839,267,镜片,n,neg,12
6844,267,死板,n,neg,15
6846,268,帽子,n,neg,1
6853,268,脑袋,n,neg,5
6861,269,脸,n,neg,5
6863,270,太小,n,neg,1
6868,270,大码,n,neg,2
6869,271,东西,ns,pos,1
6876,271,评价,n,pos,4
6879,272,外包装,n,pos,1
6882,272,手感,n,pos,3
6886,272,内饰,n,pos,5
6890,272,亚黑,ns,pos,7
6893,272,造型,n,pos,9
6894,272,美观,nz,pos,10
6911,273,货物,n,neg,6
6915,273,建议,n,neg,8
6928,274,想象,n,pos,1
6948,274,价值,n,pos,8
6950,274,建议,n,pos,9
6964,275,安全帽,nz,pos,1
6969,275,儿子,n,pos,3
7003,276,透气,n,pos,8
7016,276,外观,n,pos,10
7018,276,设计,vn,pos,12
7019,276,大气,n,pos,13
7068,277,分量,n,pos,2
7070,277,结实,n,pos,3
7079,277,茶片,n,pos,8
7080,278,宝贝,nr,pos,1
7084,278,镜面,n,pos,3
7086,278,保护膜,n,pos,4
7095,278,物流,n,pos,7
7099,279,货,n,pos,1
7109,279,帽子,n,pos,6
7116,279,调节,vn,pos,10
7121,279,款式,n,pos,12
7130,279,面罩,n,pos,16
7147,279,全盔,n,pos,24
7154,288,路,n,pos,4
7159,289,货品,n,pos,2
7168,289,绳结,n,pos,7
7170,289,调节,vn,pos,8
7171,289,长度,ns,pos,9
7173,289,头围,n,pos,10
7181,289,面罩,n,pos,14
7186,289,茶色,n,pos,16
7192,289,情况,n,pos,17
7206,290,结实,n,pos,3
7209,290,阴天,n,pos,5
7212,290,迹象,n,pos,7
7227,290,汽盔,n,pos,14
7229,290,围脖,n,pos,16
7237,290,下单,n,pos,20
7238,290,换,nz,pos,21
7250,290,耳朵,n,pos,23
7258,290,调整,vn,pos,26
7264,292,物品,n,neg,1
7267,292,浪费,n,neg,3
7270,292,时间,n,neg,5
7274,293,挡风,n,neg,1
7281,293,垃圾,n,neg,3
7282,293,玩意儿,n,neg,4
7283,294,骗人,n,neg,1
7285,294,东西,ns,neg,2
7296,294,消费者,n,neg,8
7299,294,当心,n,neg,9
7301,295,太次,n,neg,1
7306,295,钱,n,neg,3
7308,295,不值,n,neg,4
7311,298,填写内容,n,neg,1
7315,299,镜片,n,neg,1
7317,299,眼睛,n,neg,2
7318,299,视力,n,neg,3
7320,299,影响,vn,neg,4
7325,299,眼睛,n,neg,6
7333,300,护眼,n,neg,1
7338,301,帽子,n,neg,1
7341,301,瑕疵,n,neg,2
7342,302,塑料,n,neg,1
7343,302,味,n,neg,2
7348,302,难闻,n,neg,4
7349,303,帽子,n,neg,1
7350,303,太小,n,neg,2
7351,303,正常人,n,neg,3
7354,303,卡,n,neg,4
7355,303,耳朵,n,neg,5
7357,303,镜片,n,neg,6
7358,303,调节,vn,neg,7
7365,303,调节,vn,neg,9
7369,303,镜片,n,neg,11
7372,303,眼睛,n,neg,13
7377,303,外观,n,neg,16
7386,304,太重,n,neg,1
7389,304,调节,vn,neg,2
7398,305,理想,n,neg,2
7401,306,带子,n,neg,1
7418,308,太紧,nz,neg,1
7421,308,头,n,neg,2
7423,309,箱子,n,neg,1
7455,310,麻烦,an,neg,3
7457,311,酒花,n,pos,1
7458,311,香气,n,pos,2
7464,311,香气,n,pos,5
7468,311,宜人,nrt,pos,8
7470,311,口感,n,pos,9
7473,311,经典,n,pos,11
7474,311,青岛,ns,pos,12
7475,311,啤酒,n,pos,13
7477,311,味道,n,pos,14
7486,311,醇正,nz,pos,17
7489,311,麦芽,nr,pos,18
7490,311,浓度,n,pos,19
7492,311,麦芽,nr,pos,20
7493,311,浓度,n,pos,21
7498,311,烤,n,pos,24
7499,311,小麦,n,pos,25
7501,311,香味,n,pos,26
7504,311,品质,n,pos,27
7506,311,品质,n,pos,28
7514,311,青岛,ns,pos,30
7515,311,啤酒,n,pos,31
7517,311,易拉罐,nz,pos,32
7518,311,厚度,n,pos,33
7523,311,啤酒罐,n,pos,34
7541,311,细节,n,pos,40
7548,311,啤酒,n,pos,42
7553,312,安全帽,nz,pos,1
7562,312,外力,n,pos,4
7564,312,头部,n,pos,5
7568,312,外壳,n,pos,7
7569,312,材质,n,pos,8
7574,312,安全帽,nz,pos,10
7583,312,外力,n,pos,13
7585,312,头部,n,pos,14
7589,312,外壳,n,pos,16
7590,312,材质,n,pos,17
7600,313,卖家,n,pos,1
7614,313,期望值,n,pos,8
7616,313,发货,n,pos,9
7617,313,速度,n,pos,10
7627,313,物流,n,pos,14
7628,313,公司,n,pos,15
7629,313,服务态度,n,pos,16
7634,313,速度,n,pos,18
7641,313,购物,n,pos,21
7647,313,货,n,pos,23
7649,313,时间,n,pos,24
7653,313,感觉,n,pos,27
7660,313,卖家,n,pos,28
7670,313,发货,n,pos,31
7671,313,速度,n,pos,32
7675,313,物流,n,pos,33
7676,313,公司,n,pos,34
7677,313,服务态度,n,pos,35
7682,313,速度,n,pos,37
7692,313,购物,n,pos,40
7695,313,卖家,n,pos,42
7699,313,宝贝,nr,pos,43
7703,313,卖家,n,pos,45
7704,313,发货,n,pos,46
7707,313,物流,n,pos,48
7711,313,力,n,pos,49
7713,313,服务态度,n,pos,50
7723,313,亲切感,n,pos,54
7732,313,高端,n,pos,58
7733,313,大气,n,pos,59
7737,313,商家,n,pos,62
7739,313,用心,n,pos,63
7741,313,宝贝,nr,pos,64
7746,313,图片,n,pos,67
7751,313,差异,n,pos,69
7769,313,评论,n,pos,72
7778,313,发货,n,pos,75
7789,313,满怀,nr,pos,77
7800,313,寝室,n,pos,83
7802,313,试一下,n,pos,84
7809,313,小姐姐,nr,pos,86
7817,313,礼貌,n,pos,88
7819,313,小姐姐,nr,pos,89
7822,313,秒,n,pos,90
7848,315,理想,n,pos,1
7851,315,物品,n,pos,3
7853,315,骑车,n,pos,4
7854,315,上路,ns,pos,5
7873,315,影响,vn,pos,10
7874,315,视线,n,pos,11
7876,315,调节,vn,pos,12
7881,315,时尚,n,pos,14
7885,315,年轻人,n,pos,17
7887,315,审美,vn,pos,18
7888,315,性价比,n,pos,19
7892,315,手,n,pos,22
7928,315,头围,n,pos,35
7930,315,调节,vn,pos,36
7957,316,帽子,n,pos,1
7960,316,太漂亮,nr,pos,3
7968,316,太帅,n,pos,6
7974,316,款式,n,pos,8
8007,317,款式,n,pos,12
8008,317,时尚,n,pos,13
8010,317,感觉,n,pos,14
8012,317,头,n,pos,15
8020,318,颜值,n,pos,2
8022,318,哑光,n,pos,3
8031,318,购物,n,pos,5
8038,319,颜色,n,pos,1
8041,319,性价比,n,pos,3
8045,319,设计,vn,pos,6
8047,319,通风,n,pos,7
8048,319,效果,n,pos,8
8054,319,花钱买,ns,pos,10
8064,320,服务,vn,pos,1
8067,320,礼品,n,pos,2
8078,320,小珠,n,pos,6
8080,320,瑕疵,n,pos,7
8087,320,尺寸,n,pos,9
8089,320,想象,n,pos,10
8095,320,总体,n,pos,12
8100,320,东西,ns,pos,14
8107,320,平台,n,pos,17
8113,320,卖家,n,pos,20
8122,320,关键,n,pos,25
8124,320,东西,ns,pos,26
8128,320,货物,n,pos,27
8136,320,信赖,n,pos,33
8142,320,款式,n,pos,36
8148,320,发货,n,pos,39
8149,320,速度,n,pos,40
8156,320,衣衣,n,pos,43
8157,320,谢谢,nr,pos,44
8161,320,卖家,n,pos,46
8163,320,谢谢,nr,pos,47
8168,320,同事,n,pos,48
8181,320,货物,n,pos,51
8186,320,样式,n,pos,53
8194,320,细节,n,pos,56
8205,320,老客户,n,pos,58
8214,320,好东东,ns,pos,60
8220,320,东西,ns,pos,61
8227,320,卖家,n,pos,64
8228,320,我会,n,pos,65
8233,320,卡,n,pos,67
8237,320,顶级,n,pos,69
8242,320,面料,n,pos,71
8248,320,季节,n,pos,75
8252,325,差劲,n,neg,1
8257,325,服务,vn,neg,3
8259,325,差劲,n,neg,4
8269,325,顾客,nr,neg,6
8270,325,拉黑,nrt,neg,7
8273,325,发消息,n,neg,8
8283,325,绳子,n,neg,11
8291,325,东西,ns,neg,14
8294,325,透顶,n,neg,16
8305,335,感觉,n,neg,1
8306,335,不值,n,neg,2
8308,335,价,n,neg,3
8313,338,物流,n,neg,1
8328,339,格,n,neg,3
8329,339,耳朵,n,neg,4
8330,340,帽子,n,neg,1
8331,340,设计,vn,neg,2
8336,340,耳朵,n,neg,5
8341,341,脖子,n,neg,2
8343,341,整体,n,neg,3
8345,341,价格便宜,n,neg,4
8349,341,货,n,neg,6
8352,342,塑料,n,neg,1
8353,342,安全帽,nz,neg,2
8356,342,漆,n,neg,4
8361,342,变形,n,neg,6
8363,342,遮阳,ns,neg,7
8364,342,塑料片,n,neg,8
8380,343,绳带,n,neg,4
8383,343,安全性,nr,neg,6
8391,343,实物,n,neg,10
8392,343,不值,n,neg,11
8394,343,价格,n,neg,12
8396,344,诚信,nz,neg,1
8397,344,经营,vn,neg,2
8401,344,老板,n,neg,3
8441,347,护目镜,n,neg,3
8445,348,内胆,n,neg,1
8453,348,外壳,n,neg,6
8456,348,划痕,n,neg,7
8466,349,头顶,n,neg,3
8471,349,建议,n,neg,5
8479,350,划痕,n,neg,3
8482,350,风扇,n,neg,4
8496,351,价格,n,pos,1
8507,351,板有,n,pos,3
8533,351,味道,n,pos,11
8545,352,叔叔,n,pos,3
8553,352,购物,n,pos,6
8554,352,体验,n,pos,7
8558,352,物流,n,pos,9
8566,352,态度,n,pos,13
8593,353,原因,n,pos,5
8598,353,脖子,n,pos,8
8606,353,体验,n,pos,11
8627,353,原因,n,pos,16
8632,353,脖子,n,pos,19
8640,353,体验,n,pos,22
8649,354,设计,vn,pos,2
8664,354,压迫感,n,pos,8
8667,354,头部,n,pos,9
8673,354,整体,n,pos,12
8677,354,美观,nz,pos,13
8681,354,购物,n,pos,15
8682,354,体验,n,pos,16
8685,355,合格证,n,pos,2
8687,355,颜色,n,pos,3
8689,355,很漂亮,n,pos,4
8694,355,面罩,n,pos,6
8697,355,风沙,n,pos,8
8708,356,脖子,n,pos,3
8711,356,颈带,n,pos,5
8722,356,遮阳,ns,pos,9
8723,356,镜,ng,pos,10
8736,356,通风孔,nr,pos,12
8740,356,透气,n,pos,14
8745,357,颜色,n,pos,1
8755,357,反光板,n,pos,5
8757,357,灯光,n,pos,6
8771,357,板,ng,pos,15
8778,357,经济,n,pos,18
8779,357,实惠,vn,pos,19
8781,357,活动,vn,pos,20
8784,357,价格,n,pos,21
8785,357,美丽,ns,pos,22
8788,357,商城,ns,pos,24
8791,357,国货,n,pos,26
8792,357,精品店,n,pos,27
8796,359,黑色,n,pos,1
8804,359,图片,n,pos,4
8808,359,尾部,n,pos,5
8810,359,亮灯,n,pos,6
8816,359,款式,n,pos,8
8821,359,物流,n,pos,10
8823,359,速度,n,pos,11
8833,360,针,n,pos,1
8866,375,钱,n,neg,5
8884,376,风叶,n,neg,3
8889,377,西安,ns,neg,1
8890,377,疫情,n,neg,2
8891,377,原因,n,neg,3
8895,377,货,n,neg,5
8901,378,帽子,n,neg,1
8908,378,耳朵,n,neg,6
8914,380,用户,n,neg,1
8916,380,商品,n,neg,2
8919,381,毛糙,nr,neg,1
8922,381,理想,n,neg,2
8923,382,遮阳,ns,neg,1
8924,382,外罩,n,neg,2
8927,382,卡,n,neg,4
8931,382,卡裂,nr,neg,5
8938,384,一分钱,n,neg,1
8939,384,一分货,n,neg,2
8941,386,价格便宜,n,neg,1
8946,387,政策,n,neg,1
8947,387,影响,vn,neg,2
8952,388,防尘,n,neg,1
8956,390,样饰,n,neg,1
8963,392,感觉,n,pos,1
8964,392,款式,n,pos,2
8969,392,护目镜,n,pos,3
8987,392,品牌,n,pos,10
8988,392,标签,n,pos,11
8990,392,手感,n,pos,12
9005,393,发货,n,pos,1
9009,393,速度,n,pos,3
9013,393,形容,n,pos,5
9020,393,精心,n,pos,10
9028,393,护目镜,n,pos,13
9032,393,卡扣,nz,pos,16
9033,393,灵敏,nr,pos,17
9040,394,货,n,pos,2
9042,394,时间,n,pos,3
9051,394,卖家,n,pos,6
9059,394,期望值,n,pos,9
9070,394,购物,n,pos,12
9073,394,卖家,n,pos,14
9076,394,正品,n,pos,15
9080,394,价格低,n,pos,16
9082,394,性,n,pos,17
9083,394,比价,n,pos,18
9086,394,物美,nz,pos,20
9087,394,价,n,pos,21
9089,394,廉,nr,pos,22
9093,394,朋友,n,pos,24
9103,395,评价,n,pos,1
9109,395,浪费,n,pos,2
9116,395,评价,n,pos,5
9120,395,单词,n,pos,8
9129,395,购物,n,pos,11
9140,395,日用品,n,pos,16
9141,395,时,n,pos,17
9159,395,习惯,n,pos,20
9184,395,购物,n,pos,24
9193,395,宝贝,nr,pos,25
9222,395,品牌,n,pos,32
9224,395,信赖,n,pos,34
9231,396,白一红,nr,pos,3
9233,396,总体,n,pos,4
9237,396,价格,n,pos,5
9238,396,实惠,vn,pos,6
9245,396,造型,n,pos,7
9248,396,用料,n,pos,9
9253,396,感觉,n,pos,12
9255,396,结实,n,pos,13
9261,396,通风孔,nr,pos,15
9263,396,佩带,n,pos,16
9285,396,调节,vn,pos,25
9293,396,服务,vn,pos,26
9294,396,热情,n,pos,27
9295,396,周,nr,pos,28
9297,396,物流,n,pos,29
9306,396,镜片,n,pos,33
9308,396,物流,n,pos,34
9309,396,环节,n,pos,35
9320,396,镜片,n,pos,40
9346,397,帽子,n,pos,4
9365,397,东西,ns,pos,12
9369,397,过程,n,pos,14
9377,397,物品,n,pos,17
9391,398,杠杠,n,pos,4
9394,398,色彩,n,pos,5
9403,398,红色,n,pos,9
9407,398,造型,n,pos,11
9408,398,风阻,n,pos,12
9411,398,尾灯,n,pos,13
9419,398,码,n,pos,15
9422,398,性价比,n,pos,16
9429,398,五星,nz,pos,20
9444,399,商家,n,pos,2
9445,399,发货,n,pos,3
9448,399,速度,n,pos,4
9461,400,价格,n,pos,4
9463,400,性价比,n,pos,5
9475,400,材质,n,pos,9
9493,401,设计,vn,pos,2
9497,401,内衬,n,pos,4
9504,401,调节,vn,pos,7
9508,401,感觉,n,pos,9
9514,401,束缚,vn,pos,12
9521,401,气孔,n,pos,18
9523,401,空气,n,pos,19
9526,401,盔内,nz,pos,20
9528,401,循环,vn,pos,21
9531,401,透气,n,pos,24
9533,401,关键,n,pos,25
9548,412,雾化,n,neg,2
9550,412,油漆,n,neg,4
9563,413,镜片,n,neg,5
9569,413,眼睛,n,neg,9
9577,413,垃圾,n,neg,11
9586,414,太小,n,neg,1
9590,414,紧箍咒,n,neg,2
9595,414,带子,n,neg,3
9607,415,垃圾,n,neg,2
9608,416,太小,n,neg,1
9611,416,头,n,neg,2
9615,417,味,ng,neg,1
9622,417,化学品,n,neg,4
9624,417,味道,n,neg,5
9631,417,味,n,neg,8
9645,419,星,n,neg,2
9651,419,差劲,n,neg,6
9656,419,毛糙,nr,neg,7
9661,419,地摊,n,neg,9
9663,419,几块钱,n,neg,10
9665,419,东西,ns,neg,11
9670,419,物流,n,neg,13
9674,419,蜗牛,n,neg,15
9683,420,店家,n,neg,2
9694,421,东西,ns,neg,1
9699,421,味道,n,neg,3
9706,422,实体店,n,neg,2
9712,422,图片,n,neg,3
9720,423,耳朵,n,neg,3
9725,423,眼镜,n,neg,5
9733,425,表针,n,neg,2
9739,426,发货,n,neg,1
9746,426,发货,n,neg,2
9751,427,耳朵,n,neg,2
9754,427,痛,an,neg,4
9755,428,帽子,n,neg,1
9758,428,卡扣,nz,neg,2
9764,428,卡,n,neg,4
9770,430,一分钱,n,neg,1
9771,430,一分货,n,neg,2
9780,431,品牌,n,pos,1
9793,432,大街,ns,pos,3
9824,433,帅气,n,pos,3
9831,434,实体店,n,pos,2
9832,434,优惠,vn,pos,3
9837,434,产品,n,pos,5
9840,434,价位,n,pos,6
9855,434,美观,nz,pos,10
9857,434,墙裂,n,pos,11
9865,434,产品包装,n,pos,14
9867,434,美观,nz,pos,16
9868,434,大气,n,pos,17
9877,434,评价,n,pos,20
9883,434,集美,nz,pos,23
9886,435,父亲,n,pos,1
9895,435,父亲,n,pos,4
9911,437,商品,n,pos,1
9915,437,式样,n,pos,4
9918,437,物流,n,pos,6
9930,437,帽子,n,pos,10
9931,437,公分,n,pos,11
9933,437,物品,n,pos,12
9934,437,标码,n,pos,13
9948,437,价格,n,pos,19
9950,437,亲民,n,pos,20
9952,437,头,n,pos,21
9954,437,小点,n,pos,23
9960,437,五星,nz,pos,26
9969,438,品质,n,pos,3
9973,438,发货,n,pos,5
9974,438,速度,n,pos,6
9988,438,配件,n,pos,11
9999,438,电动车,n,pos,16
10008,439,全盔,n,pos,2
10011,439,戴太热,nr,pos,4
10013,439,寻思,nr,pos,5
10020,439,半盔,n,pos,8
10039,439,感觉,n,pos,15
10050,439,款式,n,pos,20
10052,439,时尚,n,pos,21
10054,440,造型,n,pos,1
10055,440,设计,vn,pos,2
10057,440,气,n,pos,4
10062,440,个性,n,pos,6
10069,440,气孔,n,pos,9
10077,440,时,ng,pos,13
10081,440,雨水,n,pos,16
10083,440,冷风,n,pos,17
10090,440,气孔,n,pos,21
10095,441,物流,n,pos,1
10099,441,东西,ns,pos,3
10102,441,性价比,n,pos,5
10111,451,感觉,n,neg,2
10116,451,样子,n,neg,4
10124,452,照片,n,neg,1
10126,452,商品,n,neg,2
10136,452,不值,n,neg,4
10138,452,价格,n,neg,5
10139,453,葡萄,n,neg,1
10145,453,坏果,n,neg,3
10149,455,东西,ns,neg,1
10160,455,东西,ns,neg,5
10171,455,生产,vn,neg,8
10172,455,盲区,n,neg,9
10176,455,瑕疵,n,neg,11
10178,455,购物,n,neg,12
10179,455,体验,n,neg,13
10183,455,差,n,neg,14
10186,456,价钱,n,neg,2
10187,456,一分货,n,neg,3
10191,461,松紧带,nr,neg,1
10192,461,调制,vn,neg,2
10211,462,耳朵,n,neg,2
10226,464,个性,n,neg,4
10236,466,磨损,vn,neg,1
10238,468,东西,ns,neg,1
10241,468,面镜,n,neg,3
10244,468,白色,n,neg,4
10250,469,价钱,n,neg,3
10256,469,内衬,n,neg,6
10258,469,泡沫,n,neg,7
10260,469,防护性,n,neg,8
10263,469,锤子,n,neg,10
10270,470,一分钱,n,neg,2
10271,470,一分货,n,neg,3
10276,471,老公,nr,pos,1
10281,471,头围,n,pos,2
10308,471,调节,vn,pos,9
10311,471,头围,n,pos,11
10318,471,遮光片,nz,pos,12
10323,472,发货,n,pos,1
10324,472,速度,n,pos,2
10327,472,东西,ns,pos,4
10332,472,价格,n,pos,7
10333,472,优惠,vn,pos,8
10346,472,异味,n,pos,11
10356,473,调节,vn,pos,3
10369,473,朋友,n,pos,4
10382,473,结实,n,pos,6
10390,473,大赞,nr,pos,10
10396,473,朋友,n,pos,13
10401,474,感觉,n,pos,2
10419,475,卖家,n,pos,4
10440,475,预期,vn,pos,11
10442,475,发货,n,pos,12
10443,475,速度,n,pos,13
10453,475,物流,n,pos,17
10454,475,公司,n,pos,18
10456,475,服务态度,n,pos,19
10460,475,发货,n,pos,20
10461,475,速度,n,pos,21
10467,475,购物,n,pos,22
10474,476,速度,n,pos,3
10477,476,服务,vn,pos,4
10484,476,东西,ns,pos,5
10489,476,产品,n,pos,8
10502,476,顾客,nr,pos,11
10508,476,电,n,pos,12
10512,476,财米,n,pos,13
10513,476,油盐,n,pos,14
10517,476,贸易,vn,pos,16
10521,476,猫,n,pos,18
10527,476,天猫,n,pos,19
10529,476,过单,n,pos,20
10534,476,信任,n,pos,22
10538,477,价格,n,pos,1
10543,477,经济,n,pos,3
10551,477,卖方,n,pos,5
10568,477,购物,n,pos,12
10570,477,实体店,n,pos,13
10578,477,购物,n,pos,17
10582,477,卖家,n,pos,19
10587,477,红火,n,pos,22
10589,477,物流,n,pos,23
10596,477,结实,n,pos,27
10598,477,六星,nz,pos,28
10603,477,星,n,pos,30
10610,477,朋友,n,pos,33
10613,477,下单,n,pos,35
10627,477,价格,n,pos,39
10652,478,整体,n,pos,1
10654,478,结实,n,pos,2
10668,478,塑料,n,pos,5
10673,478,骑车,n,pos,7
10674,478,速度,n,pos,8
10679,478,风,n,pos,9
10681,478,眼镜,n,pos,10
10688,479,店里,n,pos,2
10691,479,质感,n,pos,3
10698,479,款式,n,pos,6
10703,479,价格,n,pos,8
10717,480,物流,n,pos,1
10723,480,货,n,pos,5
10728,480,颜值,n,pos,7
10735,480,调节,vn,pos,12
10741,480,分量,n,pos,15
10746,480,廉价,n,pos,17
10749,480,性价比,n,pos,19
10760,481,物流,n,pos,2
10761,481,速度,n,pos,3
10766,481,发货,n,pos,5
10769,481,物品,n,pos,6
10775,481,原图,n,pos,10
10779,481,手,n,pos,13
10792,481,外观,n,pos,18
10802,481,值,n,pos,22
10816,482,小可爱,nr,pos,3
10827,483,好歹,n,neg,5
10846,488,主体,n,neg,4
10847,488,用料,n,neg,5
10854,488,小气,n,neg,10
10858,488,泡泡,n,neg,12
10859,488,胶,n,neg,13
10864,488,挡风,n,neg,15
10865,488,镜,ng,neg,16
10873,488,镜片,n,neg,19
10884,488,盔体,n,neg,23
10892,488,整体,n,neg,27
10893,488,深度,ns,neg,28
10897,488,性,n,neg,30
10904,488,小朋友,n,neg,32
10910,488,自行车,n,neg,35
10921,491,东西,ns,neg,2
10925,492,脏东西,n,neg,3
10927,492,螺丝,n,neg,4
10929,492,漆,n,neg,6
10937,492,烂,n,neg,8
10944,493,安全帽,nz,neg,1
10945,493,带子,n,neg,2
10948,493,扣子,n,neg,4
10949,493,上太松,nr,neg,5
10965,494,塑料,n,neg,2
10966,494,硬度,n,neg,3
10970,497,东西,ns,neg,1
10975,497,钱,n,neg,3
10977,497,东西,ns,neg,4
10984,500,垃圾,n,neg,1
10995,502,照片,n,neg,1
10996,502,镜面,n,neg,2
11004,502,太阳,ns,neg,5
11006,502,眼镜,n,neg,6
11009,502,睁不开,n,neg,7
11021,506,普普通通,nz,neg,1
11022,507,感觉,n,neg,1
11028,508,帽子,n,neg,2
11030,508,头顶,n,neg,4
11039,508,棉就,n,neg,6
11049,508,水,n,neg,11
11057,509,镜片,n,neg,1
11061,509,挡风,n,neg,3
11067,509,眼泪,n,neg,6
11068,509,直流,n,neg,7
11073,509,设计,vn,neg,8
11076,510,款式,n,neg,1
11082,510,漆,n,neg,5
11094,511,黑色,n,pos,5
11109,511,汽车,n,pos,12
11114,511,镜片,n,pos,13
11127,512,护目镜,n,pos,2
11131,512,颜色,n,pos,4
11147,512,质感,n,pos,11
11156,514,质感,n,pos,2
11163,515,防撞,vn,pos,2
11166,515,树枝,n,pos,3
11167,515,树叶,n,pos,4
11171,515,飞石,n,pos,6
11174,515,分流,n,pos,8
11175,515,雨水,n,pos,9
11177,515,透气,n,pos,10
11182,515,帽檐,n,pos,13
11192,515,标志,n,pos,17
11198,515,时,n,pos,20
11207,515,头部,n,pos,23
11218,515,物体,n,pos,27
11220,515,头部,n,pos,28
11223,515,缓冲区,n,pos,29
11228,515,外界,n,pos,31
11230,515,头部,n,pos,32
11236,515,摩托车,nz,pos,34
11238,515,道理,n,pos,36
11261,515,头部,n,pos,45
11273,515,行车,n,pos,49
11284,516,速度,n,pos,4
11290,516,力,n,pos,6
11293,518,头,n,pos,1
11298,518,结实,n,pos,3
11301,518,店家,n,pos,5
11302,518,服务态度,n,pos,6
11305,519,宝贝,nr,pos,1
11309,519,样子,n,pos,3
11315,520,表面,n,pos,1
11316,520,磨砂,n,pos,2
11321,520,质感,n,pos,4
11323,520,镜片,n,pos,5
11324,520,全黑,n,pos,6
11328,520,调整,vn,pos,8
11329,520,松紧带,nr,pos,9
11339,520,调整,vn,pos,13
11345,520,棉,n,pos,15
11348,520,头部,n,pos,17
11352,521,东西,ns,pos,1
11360,522,手感,n,pos,1
11361,522,质感,n,pos,2
11367,522,镜片,n,pos,4
11374,522,总体,n,pos,7
11382,522,结实,n,pos,8
11388,522,电车,n,pos,11
11402,524,安全帽,nz,pos,1
11417,535,耳朵,n,neg,4
11419,536,防风,n,neg,1
11422,536,镜面,n,neg,2
11423,536,鼻孔,n,neg,3
11427,538,图片,n,neg,1
11434,539,货,n,neg,3
11438,539,货,n,neg,6
11442,539,小时,n,neg,8
11447,539,问,n,neg,9
11452,539,财务,n,neg,10
11456,539,公司,n,neg,12
11457,541,东西,ns,neg,1
11460,542,瑕疵,n,neg,1
11461,543,发货,n,neg,1
11463,544,太小,n,neg,1
11468,546,树懒,n,neg,1
11469,546,君,nz,neg,2
11482,550,发票,n,neg,1
11484,551,公公,n,pos,1
11485,551,爸,n,pos,2
11493,551,茶色,n,pos,5
11494,551,镜片,n,pos,6
11499,551,两用,n,pos,9
11506,551,款式,n,pos,11
11518,552,习惯性,n,pos,1
11529,552,电动车,n,pos,4
11530,552,时,ng,pos,5
11539,552,颜色,n,pos,7
11556,552,年轻人,n,pos,10
11560,553,电瓶车,n,pos,2
11562,553,时尚,n,pos,3
11563,553,大气,n,pos,4
11570,553,感觉,n,pos,8
11575,553,透气性,n,pos,10
11582,553,想象,n,pos,12
11585,553,太棒了,nr,pos,13
11590,555,电动车,n,pos,2
11595,555,孩子,n,pos,4
11596,555,上学,n,pos,5
11597,555,放学,n,pos,6
11611,555,结实,n,pos,9
11613,555,样子,n,pos,10
11615,555,颜值,n,pos,11
11619,555,奈斯,nrt,pos,12
11624,555,护目镜,n,pos,14
11628,555,风雨,n,pos,16
11632,555,老拉风,nr,pos,18
11635,555,挡风,n,pos,19
11636,555,屏,ng,pos,20
11641,555,雾,n,pos,22
11647,555,大风,n,pos,25
11648,555,降温,n,pos,26
11660,555,腰,n,pos,30
11665,555,腿,n,pos,32
11674,555,老王,nr,pos,35
11675,555,感觉,n,pos,36
11678,555,亲人,n,pos,37
11685,557,原本,n,neg,2
11697,557,夏款,n,neg,6
11704,557,颜色,n,neg,9
11707,557,亮堂,n,neg,10
11709,557,细节,n,neg,11
11720,557,地方,n,neg,16
11721,557,颜色,n,neg,17
11726,557,差点,n,neg,20
11731,557,缝,n,neg,23
11735,557,影响,vn,neg,24
11750,557,镂空,vn,neg,29
11758,557,目的,n,neg,33
11763,557,话,n,neg,34
11765,557,原本,n,neg,35
11771,557,明令,n,neg,37
11789,557,料子,n,neg,46
11797,557,行车,n,neg,48
11801,557,交规,n,neg,50
11804,558,想象,n,pos,1
11812,559,货物,n,pos,1
11836,559,力,n,pos,7
11850,560,货,n,pos,2
11854,560,镜片,n,pos,4
11860,560,颜色,n,pos,7
11863,560,时尚,n,pos,9
11865,560,美观,nz,pos,10
11867,560,外壳,n,pos,11
11869,560,高强度,n,pos,12
11870,560,塑料,n,pos,13
11875,560,设计,vn,pos,15
11879,560,人性化,n,pos,16
11883,560,通气孔,n,pos,17
11887,560,通气孔,n,pos,18
11903,560,性价比,n,pos,25
11915,560,顺丰,nz,pos,31
11923,560,路程,n,pos,36
11933,561,价格,n,pos,2
11937,561,安全性,nr,pos,4
11944,561,夜行,n,pos,7
11945,561,灯,n,pos,8
11948,561,感觉,n,pos,9
11959,561,自营,vn,pos,14
11960,561,店,n,pos,15
11971,562,宝贝,nr,pos,3
11980,563,安全帽,nz,pos,1
11983,563,透气,n,pos,3
12005,564,价格,n,pos,2
12013,564,货物,n,pos,5
12035,571,物流,n,neg,3
12040,571,样子,n,neg,5
12050,572,失望透顶,n,neg,4
12055,576,帽子,n,neg,1
12063,576,安全帽,nz,neg,5
12069,578,胡乱,n,neg,1
12074,578,面罩,n,neg,5
12076,578,变形,n,neg,7
12086,585,漆,n,neg,2
12088,587,评,n,neg,2
12092,587,刮痕,n,neg,3
12093,588,价格,n,neg,1
12099,588,效果,n,neg,4
12106,588,镜片,n,neg,6
12108,588,货,n,neg,7
12112,588,小花,n,neg,9
12116,588,评,n,neg,12
12118,588,镜片,n,neg,13
12129,588,镜片,n,neg,17
12137,589,物流,n,neg,1
12138,589,原因,n,neg,2
12143,589,事,n,neg,5
12147,589,级差,n,neg,6
12152,589,评,n,neg,10
12163,590,感觉,n,pos,1
12167,590,款式,n,pos,2
12176,590,购物,n,pos,4
12177,590,体验,n,pos,5
12184,590,自营,vn,pos,7
12185,590,店,n,pos,8
12188,590,东西,ns,pos,9
12194,590,速度,n,pos,12
12199,591,材质,n,pos,1
12200,591,品质,n,pos,2
12203,591,标志,n,pos,4
12215,592,小巧,n,pos,3
12219,592,尾箱,n,pos,5
12225,592,头,n,pos,6
12234,592,透气,n,pos,10
12248,593,效果,n,pos,6
12277,594,帽子,n,pos,1
12278,594,总体,n,pos,2
12283,594,媳妇,n,pos,3
12289,594,帽子,n,pos,6
12294,594,标志,n,pos,8
12296,595,帽子,n,pos,1
12307,595,帽沿,n,pos,5
12313,595,图,n,pos,8
12316,595,看吧,n,pos,10
12321,596,很漂亮,n,pos,1
12324,596,材质,n,pos,2
12330,596,预期,vn,pos,5
12341,596,卖家,n,pos,9
12342,596,发货,n,pos,10
12345,596,预计,vn,pos,11
12366,597,表面,n,pos,1
12384,597,脑袋,n,pos,8
12388,597,女生,n,pos,9
12390,597,丸子,n,pos,10
12391,597,头,n,pos,11
12394,597,马尾,nrt,pos,13
12400,598,价格,n,pos,1
12406,598,道路,n,pos,5
12410,598,条,n,pos,7
12416,598,颜色,n,pos,8
12426,598,反光板,n,pos,12
12429,598,灯光,n,pos,13
12443,598,板,ng,pos,22
12450,598,经济,n,pos,25
12451,598,实惠,vn,pos,26
12453,598,活动,vn,pos,27
12456,598,价格,n,pos,28
12457,598,美丽,ns,pos,29
12460,598,商城,ns,pos,31
12463,598,国货,n,pos,33
12464,598,精品店,n,pos,34
12480,599,塑料,n,pos,6
12481,599,面罩,n,pos,7
12491,599,整体,n,pos,13
12500,599,风车,n,pos,16
12505,600,颜色,n,pos,1
12508,600,材质,n,pos,3
12515,601,性价比,n,pos,1
12524,601,结实,n,pos,2
12527,601,设计,vn,pos,3
12530,601,时尚,n,pos,4
12536,601,尾灯,n,pos,6
12546,601,出风口,n,pos,9
12549,601,感觉,n,pos,10
12553,601,热,n,pos,12
12562,602,颜值,n,pos,1
12569,603,外观,n,pos,1
12573,603,效果,n,pos,4
12582,603,结实,n,pos,7
12590,603,性价比,n,pos,11
12600,603,老婆,n,pos,14
12610,604,款式,n,pos,2
12616,604,杠杠,n,pos,5
12622,611,灯,n,neg,2
12626,611,按键,n,neg,4
12628,611,自动,vn,neg,5
12656,613,风太,n,neg,3
12664,613,档,n,neg,7
12672,614,垃圾,n,neg,1
12673,614,货,n,neg,2
12688,616,下单,n,neg,1
12693,616,灰色,n,neg,2
12703,616,灰色,n,neg,5
12705,616,垃圾,n,neg,6
12706,617,扣子,n,neg,1
12717,617,明白,nr,neg,7
12718,617,商家,n,neg,8
12725,617,扣子,n,neg,10
12736,619,东西,ns,neg,1
12738,619,活活,vn,neg,3
12742,619,漆,n,neg,5
12747,619,印子,n,neg,7
12756,619,纯手工,n,neg,9
12760,619,瑕疵,n,neg,11
12781,620,物流,n,pos,4
12782,620,速度,n,pos,5
12786,620,货,n,pos,7
12793,620,插曲,n,pos,9
12796,620,售后,n,pos,10
12806,620,购物,n,pos,12
12813,621,颜值,n,pos,3
12817,621,感觉,n,pos,5
12825,621,发货,n,pos,9
12827,621,物流,n,pos,10
12829,621,力,n,pos,11
12840,621,商品,n,pos,13
12841,621,设计,vn,pos,14
12844,621,外观,n,pos,16
12855,621,热情,n,pos,20
12860,621,购物,n,pos,22
12863,622,外观,n,pos,1
12869,622,条,n,pos,4
12871,622,电动车,n,pos,5
12872,622,男,n,pos,6
12875,622,防雨,n,pos,9
12876,622,电瓶车,n,pos,10
12877,622,女士,n,pos,11
12879,622,哈雷,nr,pos,13
12882,622,覆式,n,pos,15
12883,622,安全帽,nz,pos,16
12886,622,半盔,n,pos,19
12889,622,灰色,n,pos,22
12891,622,茶,n,pos,24
12893,622,码,n,pos,26
12901,622,物美,nz,pos,31
12902,622,廉价,n,pos,32
12907,622,款式,n,pos,35
12917,622,灰色,n,pos,39
12922,622,色系,n,pos,41
12925,623,正品,n,pos,1
12927,623,信赖,n,pos,2
12928,623,商家,n,pos,3
12930,623,宝贝,nr,pos,4
12931,623,质感,n,pos,5
12935,623,价格,n,pos,6
12942,625,购物,n,pos,1
12943,625,体验,n,pos,2
12947,625,下单,n,pos,3
12952,625,货,n,pos,6
12955,625,商品,n,pos,7
12957,625,商家,n,pos,9
12988,626,外形,n,pos,2
12995,626,东西,ns,pos,4
12997,626,概率,n,pos,5
13001,626,派上用场,n,pos,7
13004,626,上海,ns,pos,8
13005,626,电动车,n,pos,9
13019,626,价格,n,pos,15
13023,627,茶色,n,pos,1
13024,627,玻璃,n,pos,2
13028,627,颜值,n,pos,3
13034,627,精神,n,pos,6
13039,627,茶色,n,pos,7
13040,627,玻璃,n,pos,8
13044,627,颜值,n,pos,9
13050,627,精神,n,pos,12
13055,627,茶色,n,pos,13
13056,627,玻璃,n,pos,14
13060,627,颜值,n,pos,15
13066,627,精神,n,pos,18
13068,628,帽子,n,pos,1
13070,628,结实,n,pos,2
13087,630,货,n,pos,2
13089,630,时间,n,pos,3
13093,630,感觉,n,pos,6
13100,630,卖家,n,pos,7
13110,630,发货,n,pos,10
13111,630,速度,n,pos,11
13115,630,物流,n,pos,12
13116,630,公司,n,pos,13
13117,630,服务态度,n,pos,14
13122,630,速度,n,pos,16
13132,630,购物,n,pos,19
13135,630,卖家,n,pos,21
13140,631,结实,n,pos,3
13143,631,用料,n,pos,5
13151,632,体验,n,pos,3
13161,632,男女,n,pos,6
13177,633,全盔,n,pos,6
13184,633,口罩,n,pos,9
13199,633,口罩,n,pos,14
13210,634,商品,n,pos,1
13218,634,购物,n,pos,5
13222,640,星,n,neg,1
13226,640,卖家,n,neg,3
13230,640,亮,n,neg,4
13231,640,黑发,n,neg,5
13233,640,磨砂,n,neg,6
13242,640,时间,n,neg,11
13251,640,济南,ns,neg,14
13254,640,济宁,ns,neg,16
13258,640,济南,ns,neg,18
13266,642,设计,vn,neg,1
13277,644,理由,n,neg,1
13295,648,设计部,n,neg,1
13303,652,正品,n,pos,1
13304,652,店铺,n,pos,2
13309,652,态度,n,pos,5
13314,652,购物,n,pos,6
13315,652,过程,n,pos,7
13331,653,卖家,n,pos,1
13346,653,期望值,n,pos,10
13348,653,发货,n,pos,11
13349,653,速度,n,pos,12
13359,653,物流,n,pos,16
13360,653,公司,n,pos,17
13361,653,服务态度,n,pos,18
13366,653,速度,n,pos,20
13373,653,购物,n,pos,23
13374,653,店家,n,pos,24
13377,653,信誉,n,pos,26
13386,653,店,n,pos,29
13388,653,东东,ns,pos,30
13403,654,安全帽,nz,pos,4
13405,654,外观,n,pos,5
13407,654,质感,n,pos,6
13420,654,骑车,n,pos,13
13423,655,儿子,n,pos,1
13426,655,蓝色,n,pos,3
13435,655,眼罩,n,pos,5
13443,655,调节,vn,pos,9
13452,655,儿子,n,pos,11
13463,655,电动车,n,pos,16
13464,655,时,ng,pos,17
13468,655,乐意,n,pos,18
13495,657,评论,n,pos,1
13504,657,发货,n,pos,2
13505,657,时,n,pos,3
13512,657,时,n,pos,6
13527,657,效果,n,pos,11
13533,657,小姐姐,nr,pos,12
13540,657,礼貌,n,pos,13
13542,657,小姐姐,nr,pos,14
13555,657,我会,n,pos,20
13600,658,价格,n,pos,9
13601,658,实惠,vn,pos,10
13617,659,疫情,n,pos,1
13623,659,质感,n,pos,4
13629,659,价钱,n,pos,6
13630,659,一分货,n,pos,7
13636,659,风车,n,pos,9
13646,660,物流,n,pos,2
13670,661,社,n,pos,8
13671,661,车站,n,pos,9
13672,661,路号,n,pos,10
13684,661,情况,n,pos,14
13692,661,情况,n,pos,16
13697,662,下单,n,pos,4
13704,662,广东省,ns,pos,8
13705,662,佛山市,ns,pos,9
13706,662,南海区,ns,pos,10
13708,662,店,n,pos,11
13717,662,毛边,n,pos,14
13724,662,塑料,n,pos,18
13727,663,性能,n,pos,1
13748,664,卖家,n,pos,4
13767,664,预期,vn,pos,11
13769,664,价值,n,pos,12
13771,664,交货,n,pos,13
13772,664,速度,n,pos,14
13782,664,物流,n,pos,18
13783,664,公司,n,pos,19
13788,664,服务态度,n,pos,20
13790,664,交货,n,pos,21
13791,664,速度,n,pos,22
13798,664,购物,n,pos,24
13803,671,价钱,n,neg,2
13804,671,一分货,n,neg,3
13807,674,镜片,n,neg,1
13813,677,商品,n,neg,1
13817,677,商家,n,neg,3
13818,677,服务,vn,neg,4
13823,677,协商,n,neg,7
13827,677,评,n,neg,10
13828,680,东西,ns,pos,1
13839,680,质感,n,pos,5
13841,680,镜子,n,pos,6
13848,680,标志,n,pos,9
13850,680,同类产品,n,pos,10
13875,681,棉,n,pos,7
13876,681,帽子,n,pos,8
13887,681,太棒了,nr,pos,10
13891,681,弟弟,n,pos,11
13913,681,赠品,n,pos,19
13918,681,晒太阳,n,pos,22
13919,681,板,ng,pos,23
13924,681,头部,n,pos,26
13927,681,气孔,n,pos,28
13930,681,人性化,n,pos,29
13945,682,产品,n,pos,5
13946,682,时,n,pos,6
13952,682,产品,n,pos,8
13953,682,外形,n,pos,9
13957,682,时尚,n,pos,11
13961,682,全盔,n,pos,12
13975,682,太紧,nz,pos,17
13984,682,尺寸,n,pos,22
13991,682,全盔,n,pos,24
13993,682,影响,vn,pos,25
13995,682,安全性,nr,pos,26
14004,682,颜色,n,pos,27
14014,682,镜面,n,pos,30
14025,683,物流,n,pos,1
14026,683,发货,n,pos,2
14042,683,活动,vn,pos,8
14044,683,优惠,vn,pos,9
14048,683,实惠,vn,pos,10
14056,683,情侣,n,pos,14
14059,683,结实,n,pos,16
14068,684,卖家,n,pos,2
14073,685,结实,n,pos,2
14075,685,内衬,n,pos,3
14097,686,总体,n,neg,5
14102,686,外观,n,neg,8
14108,686,材质,n,neg,11
14111,686,结实,n,neg,12
14121,686,价格,n,neg,15
14125,686,实惠,vn,neg,17
14127,687,商家,n,pos,1
14128,687,发货,n,pos,2
14131,687,物流,n,pos,3
14140,687,感觉,n,pos,8
14151,687,价格,n,pos,12
14155,687,心怡,nr,pos,14
14157,687,宝贝,nr,pos,15
14159,687,大赞,n,pos,16
14161,687,全,n,pos,17
14167,687,顺祝,nrt,pos,21
14168,687,商祺,nr,pos,22
14180,687,配件,n,pos,27
14186,687,头灯,n,pos,29
14202,687,价格,n,pos,33
14203,687,实惠,vn,pos,34
14207,687,调节,vn,pos,36
14225,689,杠杠,n,pos,1
14228,689,款式,n,pos,2
14231,689,外壳,n,pos,4
14235,689,品牌,n,pos,6
14240,689,宝贝,nr,pos,9
14244,689,美观大方,ns,pos,10
14249,689,结实,n,pos,12
14252,689,颜色,n,pos,14
14270,689,镜片,n,pos,22
14274,689,卡扣,nz,pos,24
14284,689,毛刺,n,pos,28
14301,689,外观,n,pos,37
14306,689,设计,vn,pos,40
14309,689,防风,n,pos,42
14310,689,镜,ng,pos,43
14318,689,影响,vn,pos,45
14319,689,视线,n,pos,46
14324,689,骑车,n,pos,48
14332,689,灰尘,n,pos,50
14334,689,眼睛,n,pos,52
14337,689,骑车,n,pos,54
14344,689,服务,vn,pos,56
14357,690,颜色,n,pos,1
14367,690,反光板,n,pos,5
14369,690,灯光,n,pos,6
14383,690,板,ng,pos,15
14390,690,经济,n,pos,18
14391,690,实惠,vn,pos,19
14393,690,活动,vn,pos,20
14396,690,价格,n,pos,21
14397,690,美丽,ns,pos,22
14400,690,商城,ns,pos,24
14403,690,国货,n,pos,26
14404,690,精品店,n,pos,27
14406,690,谢谢,nr,pos,28
14410,692,电动车,n,pos,2
14411,692,帽子,n,pos,3
14412,692,颜值,n,pos,4
14418,692,竹,ng,pos,6
14419,692,蜻蜓,n,pos,7
14434,692,材质,n,pos,13
14439,692,质感,n,pos,14
14445,692,异味,n,pos,16
14450,692,气孔,n,pos,19
14471,694,手感,n,pos,5
14487,701,评,n,neg,2
14488,701,帽子,n,neg,3
14494,701,看吧,n,neg,5
14496,702,货,n,neg,1
14504,702,差评,n,neg,5
14511,702,评价,n,neg,7
14531,702,菜鸟,n,neg,11
14535,702,电话,n,neg,13
14540,702,商家,n,neg,15
14573,702,垃圾,n,neg,22
14574,702,韵,n,neg,23
14580,703,物流,n,neg,1
14585,703,收货,n,neg,4
14592,703,商家,n,neg,7
14597,703,商家,n,neg,9
14604,703,顾客,nr,neg,12
14615,703,东西,ns,neg,15
14617,703,购物,n,neg,16
14628,703,评,n,neg,21
14630,704,下单,n,neg,1
14631,704,中款,n,neg,2
14638,704,护目镜,n,neg,5
14641,704,下单,n,neg,6
14645,704,评,n,neg,9
14661,706,评,n,neg,2
14664,706,味儿,n,neg,3
14673,707,评,n,neg,2
14675,707,东西,ns,neg,3
14684,707,售后,n,neg,6
14690,708,评,n,neg,2
14700,709,卡扣,nz,neg,1
14701,709,卡,n,neg,2
14705,709,评,n,neg,5
14712,710,护目镜,n,pos,4
14723,710,整体,n,pos,7
14724,710,细节,n,pos,8
14728,710,反光灯,n,pos,10
14730,710,扣绳,n,pos,11
14738,710,颜色,n,pos,14
14752,711,大人,n,pos,2
14762,711,槽,ng,pos,6
14765,711,下巴,n,pos,7
14768,711,保护套,n,pos,9
14774,711,下巴,n,pos,12
14781,711,调整,vn,pos,14
14786,711,点点,n,pos,15
14790,712,设计,vn,pos,1
14796,712,造型,n,pos,3
14806,713,质感,n,pos,1
14812,713,价格,n,pos,4
14817,713,太阳,ns,pos,7
14839,714,气孔,n,pos,7
14849,714,条,n,pos,11
14856,714,价格,n,pos,14
14858,714,实惠,vn,pos,15
14868,715,颜色,n,pos,3
14887,716,结实,n,pos,4
14907,716,眼,n,pos,10
14911,716,女儿,n,pos,12
14931,717,红包,n,pos,6
14944,717,条,n,pos,12
14957,717,气孔,n,pos,19
14963,718,透气,n,pos,3
14968,718,镜片,n,pos,5
14975,718,茶色,n,pos,8
14979,718,心,n,pos,10
14982,718,样式,n,pos,11
14984,718,很漂亮,n,pos,12
14993,719,表面,n,pos,4
14995,719,磨砂,n,pos,5
14999,719,质感,n,pos,6
15007,719,气孔,n,pos,10
15009,719,面罩,n,pos,11
15011,719,阻尼,n,pos,12
15016,719,款式,n,pos,14
15021,719,关键,n,pos,16
15022,719,价格,n,pos,17
15031,719,媳妇,n,pos,21
15034,719,强度,n,pos,23
15037,719,面,n,pos,25
15045,720,货,n,pos,1
15053,720,商家,n,pos,4
15058,720,菜鸟,n,pos,8
15059,720,服务,vn,pos,9
15063,721,帅气,n,pos,1
15065,721,性价比,n,pos,2
15089,721,贼,n,pos,12
15090,721,影响,vn,pos,13
15091,721,发型,vn,pos,14
15096,721,性价比,n,pos,15
15109,722,购物,n,pos,2
15122,723,压头,n,pos,3
15123,723,感觉,n,pos,4
15127,723,价格便宜,n,pos,6
15133,724,卖家,n,pos,1
15147,724,期望值,n,pos,8
15149,724,发货,n,pos,9
15150,724,速度,n,pos,10
15160,724,物流,n,pos,14
15161,724,公司,n,pos,15
15162,724,服务态度,n,pos,16
15167,724,速度,n,pos,18
15174,724,购物,n,pos,21
15176,730,东西,ns,neg,1
15179,730,物流,n,neg,3
15187,730,差评,n,neg,7
15189,731,评,n,neg,2
15190,734,发货,n,pos,1
15196,734,商品,n,pos,4
15201,734,专柜,n,pos,5
15205,734,服务态度,n,pos,7
15212,734,颜色,n,pos,10
15218,734,质感,n,pos,13
15227,734,气,n,pos,19
15241,735,物流,n,pos,1
15244,735,东西,ns,pos,3
15247,735,力,n,pos,4
15249,735,性价比,n,pos,5
15261,735,实体店,n,pos,7
15264,735,颜色,n,pos,8
15271,735,宝贝,nr,pos,11
15292,735,感觉,n,pos,20
15293,735,实物,n,pos,21
15295,735,图片,n,pos,22
15299,735,价格,n,pos,24
15301,735,成正比,nr,pos,25
15304,735,购物,n,pos,26
15310,735,宝宝,nr,pos,29
15316,736,颜色,n,pos,3
15342,738,款式,n,pos,4
15352,739,颜色,n,pos,2
15365,740,物流,n,pos,2
15366,740,速度,n,pos,3
15370,740,建议,n,pos,4
15375,740,竹,ng,pos,6
15376,740,蜻蜓,n,pos,7
15379,740,赠品,n,pos,8
15388,740,信赖,n,pos,13
15390,740,感觉,n,pos,14
15397,740,同价位,n,pos,15
15404,741,棒棒,n,pos,2
15414,742,物流,n,pos,1
15416,742,速度,n,pos,2
15425,742,款式,n,pos,5
15432,742,性价比,n,pos,6
15440,742,评价,n,pos,10
15453,742,购物,n,pos,14
15454,742,体验,n,pos,15
15459,743,款式,n,pos,1
15462,743,设计,vn,pos,3
15466,743,安全性,nr,pos,4
15474,743,东西,ns,pos,5
15484,743,气孔,n,pos,9
15495,743,价位,n,pos,13
15507,744,摩托,nrt,pos,2
15513,744,内圈,n,pos,6
15514,744,黑色,n,pos,7
15518,744,硬质,n,pos,9
15520,744,东西,ns,pos,10
15524,744,条,n,pos,13
15537,744,纸盒子,n,pos,17
15540,744,填充物,n,pos,18
15542,744,店家,n,pos,19
15553,745,下单,n,pos,4
15573,745,有理,vn,pos,9
15579,745,雷,n,pos,12
15597,747,毛病,n,pos,2
15599,747,产品,n,pos,3
15608,747,边角,n,pos,6
15616,747,下巴,n,pos,9
15625,747,脖子,n,pos,11
15639,748,美观,nz,pos,1
15641,748,结实,n,pos,2
15643,748,回头率,n,pos,3
15664,756,出口,vn,pos,5
15665,756,品质,n,pos,6
15672,756,货,n,pos,9
15700,757,太棒了,nr,pos,5
15707,757,耳朵,n,pos,8
15712,757,耳朵,n,pos,10
15721,757,感觉,n,pos,14
15733,758,男女,n,pos,5
15739,758,外观,n,pos,8
15742,758,时尚,n,pos,9
15744,758,小巧,n,pos,10
15745,758,秀气,n,pos,11
15756,758,价格,n,pos,15
15759,758,实惠,vn,pos,16
15769,759,电动车,n,pos,1
15772,759,衣服,n,pos,3
15783,759,材质,n,pos,6
15793,759,防雨,n,pos,11
15795,759,效果,n,pos,12
15801,759,高端,n,pos,14
15802,759,大气,n,pos,15
15814,760,款式,n,pos,1
15825,760,东西,ns,pos,4
15828,760,图,n,pos,5
15834,760,产品,n,pos,9
15848,761,太棒了,nr,pos,1
15854,762,舌根,n,pos,1
15863,762,太棒了,nr,pos,4
15873,762,耳朵,n,pos,8
15875,762,感觉,n,pos,9
15891,762,感觉,n,pos,15
15896,764,感觉,n,pos,2
15908,764,半盔,n,pos,7
15912,764,气孔,n,pos,9
15920,764,镜片,n,pos,14
15923,764,强光,n,pos,16
15927,764,调节,vn,pos,18
15930,764,脑袋,n,pos,19
15942,765,帅氣,nr,pos,2
15944,765,很漂亮,n,pos,3
15951,766,价格,n,pos,2
15952,766,实惠,vn,pos,3
15960,766,评价,n,pos,5
15965,766,帅气,n,pos,6
15966,767,产品,n,pos,1
15968,767,实物,n,pos,2
15970,767,图片,n,pos,3
15973,767,情况,n,pos,5
15977,767,产品,n,pos,6
15979,767,材质,n,pos,7
15981,767,制作,vn,pos,8
15982,767,工艺,n,pos,9
15984,767,瑕疵,n,pos,10
15989,767,气味,n,pos,12
15991,767,产品,n,pos,13
15993,767,设计,vn,pos,14
15994,767,符合国家,n,pos,15
15996,767,标准,n,pos,16
15998,767,透气性,n,pos,17
16004,767,保护性,n,pos,20
16007,768,外观设计,n,pos,1
16013,768,质感,n,pos,4
16015,768,头顶,n,pos,5
16016,768,油,n,pos,6
16017,768,设计,vn,pos,7
16029,768,卡扣,nz,pos,12
16031,768,带子,n,pos,13
16033,768,结实,n,pos,14
16043,775,东西,ns,pos,1
16050,775,平台,n,pos,4
16056,775,卖家,n,pos,7
16065,775,关键,n,pos,12
16067,775,东西,ns,pos,13
16071,775,货物,n,pos,14
16079,775,信赖,n,pos,20
16101,776,实物,n,pos,6
16102,776,很漂亮,n,pos,7
16122,777,宝贝,nr,pos,1
16126,777,实物,n,pos,3
16130,777,价格,n,pos,6
16132,777,实惠,vn,pos,7
16146,778,质感,n,pos,1
16152,779,商品,n,pos,2
16155,779,产品,n,pos,3
16156,779,总体,n,pos,4
16169,779,谈谈,vn,pos,7
16170,779,商家,n,pos,8
16171,779,服务,vn,pos,9
16186,779,廉价,n,pos,13
16187,779,商品,n,pos,14
16193,779,商店,n,pos,17
16202,779,老客户,n,pos,21
16216,780,老板,n,pos,2
16222,780,信赖,n,pos,5
16234,781,孩子,n,pos,5
16236,781,建议,n,pos,6
16237,781,面罩,n,pos,7
16239,781,软质,n,pos,8
16240,781,材料,n,pos,9
16248,782,性价比,n,pos,2
16267,782,商家,n,pos,10
16269,782,细心,n,pos,11
16275,782,条,n,pos,15
16279,783,杠杠,n,pos,1
16286,783,透气性,n,pos,4
16297,783,价格,n,pos,8
16298,783,实惠,vn,pos,9
16304,784,电动车,n,pos,1
16305,784,男,n,pos,2
16308,784,防雨,n,pos,5
16309,784,电瓶车,n,pos,6
16310,784,女士,n,pos,7
16312,784,哈雷,nr,pos,9
16315,784,覆式,n,pos,11
16316,784,安全帽,nz,pos,12
16319,784,半盔,n,pos,15
16322,784,灰色,n,pos,18
16324,784,茶,n,pos,20
16326,784,码,n,pos,22
16334,784,物美,nz,pos,27
16335,784,廉价,n,pos,28
16340,784,款式,n,pos,31
16350,784,黑色,n,pos,35
16355,784,色系,n,pos,37
16373,785,小毛驴,nr,pos,6
16378,785,益,nr,pos,8
16387,786,颜色,n,pos,2
16388,786,很漂亮,n,pos,3
16395,786,结实,n,pos,7
16397,786,设计,vn,pos,8
16400,786,帽子,n,pos,9
16402,786,材质,n,pos,10
16406,786,物流,n,pos,12
16413,786,服务,vn,pos,15
16415,786,热情,n,pos,16
16419,787,外观,n,pos,1
16425,787,自带,n,pos,4
16427,787,墨镜,n,pos,5
16435,788,脑,n,pos,1
16438,788,圆形,n,pos,2
16443,788,分量,n,pos,4
16445,788,证明,n,pos,5
16454,794,感觉,n,pos,2
16459,794,设计,vn,pos,3
16466,794,调节,vn,pos,4
16472,794,帽顶,n,pos,7
16491,795,硬度,n,pos,3
16498,796,店家,n,pos,3
16502,796,服务,vn,pos,6
16516,796,设计,vn,pos,10
16518,796,时尚,n,pos,11
16520,796,材质,n,pos,12
16541,798,下雨天,n,pos,3
16544,798,太阳,ns,pos,4
16554,799,防风,n,neg,2
16555,799,镜,ng,neg,3
16562,799,头围,n,neg,5
16567,799,感觉,n,neg,6
16584,799,调整,vn,neg,11
16593,800,说明书,n,pos,1
16598,800,镜片,n,pos,2
16602,800,白色,n,pos,3
16607,800,黑色,n,pos,4
16614,801,外观,n,pos,1
16629,801,镜片,n,pos,7
16637,801,刮风,n,pos,10
16640,801,镜片,n,pos,11
16643,801,防风,n,pos,12
16656,802,颜色,n,pos,1
16666,802,反光板,n,pos,5
16669,802,灯光,n,pos,6
16683,802,板,ng,pos,15
16690,802,经济,n,pos,18
16691,802,实惠,vn,pos,19
16693,802,活动,vn,pos,20
16696,802,价格,n,pos,21
16697,802,美丽,ns,pos,22
16700,802,商城,ns,pos,24
16703,802,国货,n,pos,26
16704,802,精品店,n,pos,27
16706,802,谢谢,nr,pos,28
16716,803,红色,n,pos,3
16722,803,商家,n,pos,4
16723,803,态度,n,pos,5
16732,803,颜值,n,pos,6
16746,805,帽子,n,pos,1
16758,805,弹性,n,pos,6
16766,805,带子,n,pos,8
16770,805,卡,n,pos,10
16778,805,习惯,n,pos,14
16790,808,老爸,n,pos,1
16794,808,骑车,n,pos,3
16799,814,宝贝,nr,pos,1
16802,814,物流,n,pos,3
16815,815,感觉,n,pos,2
16826,816,颜值,n,pos,3
16832,816,材质,n,pos,6
16839,816,活动,vn,pos,8
16843,816,宝贝,nr,pos,11
16852,816,风格,n,pos,15
16858,816,谢谢,nr,pos,18
16859,816,老板,n,pos,19
16861,816,服务,vn,pos,20
16862,816,五颗星,nr,pos,21
16863,817,商品,n,pos,1
16873,817,调试,vn,pos,5
16877,817,样式,n,pos,6
16883,817,价钱,n,pos,8
16890,817,谢谢,nr,pos,11
16891,817,商家,n,pos,12
16892,817,物流,n,pos,13
16895,817,小哥,n,pos,15
16899,817,五星,nz,pos,17
16915,818,沉重感,n,pos,5
16917,818,设计,vn,pos,6
16920,818,很漂亮,n,pos,7
16928,818,骑车,n,pos,11
16932,818,价格,n,pos,13
16935,818,实惠,vn,pos,14
16940,819,宝贝,nr,pos,1
16954,819,购物,n,pos,5
16956,819,我会,n,pos,6
16961,819,店家,n,pos,8
16963,819,信赖,n,pos,10
16964,820,设计,vn,pos,1
16967,820,重量,n,pos,2
16972,820,价格,n,pos,5
16975,821,款式,n,pos,2
16977,821,大方,n,pos,4
16982,822,店家,n,pos,1
16990,822,发货,n,pos,4
16991,822,速度,n,pos,5
16997,822,异味,n,pos,7
17001,822,物美,nz,pos,10
17006,823,性价比,n,pos,1
17027,824,感觉,n,pos,2
17035,826,商品,n,pos,3
17051,826,链接,n,pos,9
17058,827,颜值,n,neg,4
17069,827,条,n,neg,8
17074,827,调节,vn,neg,10
17079,827,价格,n,neg,11
17087,827,外表,n,neg,13
17093,828,发货,n,pos,1
17094,828,速度,n,pos,2
17097,828,东西,ns,pos,4
17102,828,价格,n,pos,7
17103,828,优惠,vn,pos,8
